catalog_id,term,action_or_case,preliminary_disposition_class,litigation_posture,disposition_basis_excerpt,institutional_screen,provisional_arrp_routes,source_family,source_entry_url,representative_case_url,official_action_url,review_status,last_checked
TAC-JS2-015,2,Assertion of Executive Control of Independent Agencies (Executive Order 14215),threshold-or-reviewability-disposition,closed in favor of government; Case Closed/Dismissed in Favor of Government=1,"On Feb. 18, 2025, President Donald Trump issued an executive order asserting that the Constitution vests all executive authority in the President, arguing that independent regulatory agencies exercise executive functions, and declaring the administration’s policy that such agencies fall under the supervision and control of the President. Such supervision and control requires independent agencies to abide by the President and Attorney General’s interpretations of the law. Plaintiffs, three national committees of the Democratic Party, filed suit as to how the order applies to the Federal Election Commission, an independent regulatory agency. They ask the court under the judicial review provisions of the Federal Election Campaign Act (FECA) to construe as constitutional the provisions of the Act that vest members of the Commission with authority to interpret it (rather than the President); and they argue the order violates the FECA. They seek declaratory judgment that the FECA is constitutional and that the executive order is unlawful as applied to the FEC; and they seek preliminary and permanent injunctive relief.","High priority: determine whether standing, jurisdiction, reviewability, waiver, or mootness left executive authority untested.",ELEC-001; A-02; A-08; OVS-008; ELEC-012,Just Security litigation tracker,https://www.justsecurity.org/107087/tracker-litigation-legal-challenges-trump-administration/,https://www.courtlistener.com/docket/69690767/democratic-national-committee-v-donald-j-trump/,,preliminary text classification; controlling opinion review pending,2026-07-15
TAC-JS2-045,2,Department of Justice Review of FBI Personnel Involved in January 6th and Classified Documents Investigations (Executive Order 14147),threshold-or-reviewability-disposition,closed in favor of government; Case Closed/Dismissed in Favor of Government=2,"After President Donald Trump’s second inauguration, the Department of Justice (DOJ) terminated employees who were involved in investigations into the Jan. 6, 2021 attack on the U.S. Capitol and Trump’s alleged mishandling of classified documents. On Feb. 2, 2025, Federal Bureau of Investigation (FBI) leadership, pursuant to a directive from the acting deputy attorney general, instructed agents to fill out a survey identifying their specific roles in those investigations. Plaintiffs in this class action suit, employees or agents of the FBI who participated in the investigations and expect to be terminated for their roles, allege that such termination would violate protections against political retaliation under the Civil Service Reform Act, First Amendment protections for political expression, and Fifth Amendment Due Process protections. Plaintiffs also allege that publication or dissemination of the surveys regarding their roles in the investigations would violate the Privacy Act and place them at risk of serious harm. They seek an injunction against “the aggregation, storage, reporting, publication or dissemination” of information identifying FBI personnel involved in the relevant","High priority: determine whether standing, jurisdiction, reviewability, waiver, or mootness left executive authority untested.",RET-001; A-19; DOJ-002; DOJ-003; DOJ-007; A-22; A-08; CIV-009; DOM-009; A-24,Just Security litigation tracker,https://www.justsecurity.org/107087/tracker-litigation-legal-challenges-trump-administration/,https://www.courtlistener.com/docket/69609079/does-1-9-v-department-of-justice/,,preliminary text classification; controlling opinion review pending,2026-07-15
TAC-IPI1-002,1,"International Brotherhood of Teamsters, Local 2785 v. Federal Motor Carrier Safety Administration , 986 F.3d 841 (9th Cir. 2021)",apparent-merits-permission,adjudicated-action-permitted,"January 15, 2021: A federal appeals court held that the Federal Motor Carrier Safety Administration’s decision that California’s meal and rest break rules for commercial motor vehicles was preempted was a permissible interpretation of the Motor Carrier Safety Act of 1984.",Review whether the permitted action reveals a generalizable statutory or procedural weakness rather than a substantive policy disagreement.,RIGHTS-001,Institute for Policy Integrity Trump court roundup,https://policyintegrity.org/trump-court-roundup,,,preliminary text classification; controlling opinion review pending,2026-07-15
TAC-IPI1-005,1,"Public Citizen Health Research Group v. Pizzella , No. 19-00166 (D.D.C. Jan. 11, 2021)",apparent-merits-permission,adjudicated-action-permitted,"January 11, 2021: A federal district court rejected a challenge to the Occupational Safety and Health Administration’s 2019 workplace injury and illness tracking rule —which rescinded portions of the agency’s prior 2016 rule , thus relieving qualifying employers from reporting obligations, holding that the agency had not violated the reasoned explanation requirement.",Review whether the permitted action reveals a generalizable statutory or procedural weakness rather than a substantive policy disagreement.,RIGHTS-001,Institute for Policy Integrity Trump court roundup,https://policyintegrity.org/trump-court-roundup,https://policyintegrity.org/documents/OHSA_rollback_case.pdf,https://www.govinfo.gov/content/pkg/FR-2019-01-25/pdf/2019-00101.pdf,preliminary text classification; controlling opinion review pending,2026-07-15
TAC-IPI1-007,1,"Gwich’in Steering Committee v. Bernhardt , No. 20-00204 (D. Alaska Jan. 5, 2021)",preliminary-or-remedial-denial,adjudicated-action-permitted,"January 5, 2021: A federal district court denied a motion to enjoin the Bureau of Land Management’s planned January 6, 2021 sale of leases on the Arctic National Wildlife Refuge, holding that the Bureau’s record of decision did not authorize any immediate on-the-ground activities and thus plaintiffs had not met the irreparable harm requirement.",Do not treat as merits approval; identify later merits posture and whether harm occurred before effective review.,A-13; A-18,Institute for Policy Integrity Trump court roundup,https://policyintegrity.org/trump-court-roundup,https://www.eenews.net/assets/2021/01/06/document_ew_02.pdf,,preliminary text classification; controlling opinion review pending,2026-07-15
TAC-IPI1-008,1,"Teva Pharmaceuticals USA, Inc. v. Food and Drug Administration , 2020 WL 7828788 (D.D.C. 2020)",manual-disposition-review-required,adjudicated-action-permitted,"December 31, 2020: A federal district court in D.C. rejected drug maker claims that the Food and Drug Administration should be compelled to regulate product used to treat multiple sclerosis as a biological product under Public Health Service Act rather than as a drug under the Food, Drug, and Cosmetics Act.","Read the controlling opinion and code the exact merits, threshold, finality, and remedy grounds.",,Institute for Policy Integrity Trump court roundup,https://policyintegrity.org/trump-court-roundup,,,preliminary text classification; controlling opinion review pending,2026-07-15
TAC-IPI1-010,1,"State v. Environmental Protection Agency , 983 F.3d 826 (5th Cir. 2020)",manual-disposition-review-required,adjudicated-action-permitted,"December 23, 2020: A federal appeals court held that Environmental Protection Agency had not unreasonably designated Bexar County, Texas as in nonattainment and three neighboring counties as in attainment with the 2015 Ozone National Ambient Air Quality Standards.","Read the controlling opinion and code the exact merits, threshold, finality, and remedy grounds.",,Institute for Policy Integrity Trump court roundup,https://policyintegrity.org/trump-court-roundup,,,preliminary text classification; controlling opinion review pending,2026-07-15
TAC-IPI1-014,1,"In re Gateway Radiology Consultants, P.A ., 983 F.3d 1239 (11th Cir. 2020)",mixed-or-later-modified-disposition,adjudicated-action-permitted,"December 22, 2020: A federal appeals court held that the Small Business Administration permissibly excluded bankruptcy debtors from the Paycheck Protection Program established pursuant to the Coronavirus Aid, Relief, and Economic Security Act. The court reversed a lower court ruling to the contrary. Other courts agreed with the appeals court. See, e.g., In re Penobscot Valley Hospital, No. 19-10034, 2021 WL 150412 (Bkrtcy.D.Me. 2021).",Normalize claim-by-claim and appellate history before identifying any institutional gap.,,Institute for Policy Integrity Trump court roundup,https://policyintegrity.org/trump-court-roundup,,,preliminary text classification; controlling opinion review pending,2026-07-15
TAC-IPI1-015,1,"Rocky Mountain Wild v. Bernhardt , No. 19-00929, 2020 WL 7264914 (D. Utah Dec. 10, 2020), appeal dropped(10th Cir. No. 21-4120)",preliminary-or-remedial-denial,adjudicated-action-permitted,"December 10, 2020: A federal district court in Utah denied a request to vacate 59 leases of public land in the Uinta Basin for oil and gas exploration, concluding that the agency complied with the National Environmental Policy Act in several respects and, while finding that the agency had failed to properly analyze two reasonable alternatives, explaining that the record did not indicate that, upon documenting its reasonable alternatives analysis, the agency would fail to justify a similar decision.",Do not treat as merits approval; identify later merits posture and whether harm occurred before effective review.,A-13; A-18,Institute for Policy Integrity Trump court roundup,https://policyintegrity.org/trump-court-roundup,https://pdf.wildearthguardians.org/support_docs/70%20-%20Order%20on%20the%20merits.pdf,,preliminary text classification; controlling opinion review pending,2026-07-15
TAC-IPI1-017,1,"Alliance for the Wild Rockies v. Forest Service , 19-00350, 2020 WL 7049556 (E.D.Wash. 2020)",apparent-merits-permission,adjudicated-action-permitted,"December 1, 2020: A federal district court in Washington held that the Forest Service had not violated the National Environmental Policy Act in analyzing a project designed to restore a forest area in Washington to make it more resilient to wildfire and climate change.",Review whether the permitted action reveals a generalizable statutory or procedural weakness rather than a substantive policy disagreement.,,Institute for Policy Integrity Trump court roundup,https://policyintegrity.org/trump-court-roundup,,,preliminary text classification; controlling opinion review pending,2026-07-15
TAC-IPI1-020,1,"Doe 1 v. Department of Homeland Security , 2020 WL 6826200 (C.D.Cal. 2020), affirmed 2021 WL 227955 (9th Cir. 2021)",apparent-merits-permission,adjudicated-action-permitted,"November 20, 2020: A federal district court held that the Department of Homeland Security had not violated notice and comment requirements or the reasoned explanation requirement in adopting a policy barring student visas for first-year foreign students who were studying 100% online, a policy which had the effect of barring those students from participating in their intercollegiate sports programs.",Review whether the permitted action reveals a generalizable statutory or procedural weakness rather than a substantive policy disagreement.,RIGHTS-002; RIGHTS-003; RIGHTS-004; A-14,Institute for Policy Integrity Trump court roundup,https://policyintegrity.org/trump-court-roundup,,,preliminary text classification; controlling opinion review pending,2026-07-15
TAC-IPI1-021,1,"WildEarth Guardians v. Bernhardt , No. 19-00505, 2020 WL 6799068 (D.N.M. 2020), appeal dropped (10th Cir. 20-2146)",apparent-merits-permission,adjudicated-action-permitted,"November 19, 2020: A federal district court rejected a challenge to Interior’s authorization of new oil and gas leases on federal land in southeastern New Mexico.",Review whether the permitted action reveals a generalizable statutory or procedural weakness rather than a substantive policy disagreement.,,Institute for Policy Integrity Trump court roundup,https://policyintegrity.org/trump-court-roundup,,,preliminary text classification; controlling opinion review pending,2026-07-15
TAC-IPI1-025,1,"Smith v. Tumalo Irrigation District , 2020 WL 6693238 (D.Or. 2020), appeal dismissed as moot (9th Cir. 20-36057)",apparent-merits-permission,adjudicated-action-permitted,"November 13, 2020: A federal district court in Oregon held that the Natural Resources Conservation Service had not violated the National Environmental Policy Act in its implementation of the Tumalo Irrigation District Modernization Project.",Review whether the permitted action reveals a generalizable statutory or procedural weakness rather than a substantive policy disagreement.,,Institute for Policy Integrity Trump court roundup,https://policyintegrity.org/trump-court-roundup,,,preliminary text classification; controlling opinion review pending,2026-07-15
TAC-IPI1-029,1,"California v. Wheeler , No. 20-1357 (D.C. Cir. Oct. 27, 2020)",preliminary-or-remedial-denial,adjudicated-action-permitted,"Oct. 27, 2020: A federal appeals court in D.C. denied a motion for a stay or summary vacatur of EPA's repeal of its rule regulating emissions from new power plants.",Do not treat as merits approval; identify later merits posture and whether harm occurred before effective review.,,Institute for Policy Integrity Trump court roundup,https://policyintegrity.org/trump-court-roundup,http://blogs.edf.org/climate411/files/2020/10/20-1357_Documents.pdf,https://www.federalregister.gov/documents/2020/09/14/2020-18114/oil-and-natural-gas-sector-emission-standards-for-new-reconstructed-and-modified-sources-review,preliminary text classification; controlling opinion review pending,2026-07-15
TAC-IPI1-034,1,"Altamaha Riverkeeper v. United States Army Corps of Engineers , No. 418-251, 2020 WL 5837650 (S.D. Ga. Sept. 30, 2020)",apparent-merits-permission,adjudicated-action-permitted,"September 30, 2020: A federal district court upheld the Army Corps of Engineers’ permit allowing a real estate developer to use an offshore source to renourish the beach in front of a development, finding that the Corps’ permit grant was not arbitrary and capricious, for the Agency had adequately analyzed practicable alternatives as required under the Clean Water Act, had engaged in the requisite hard look required by the National Environmental Policy Act before making its finding that there would be no significant environmental impact, and appropriately determined that subsequent permit modifications did not significantly increase the scope of the permitted activity so as to require a new application procedure.",Review whether the permitted action reveals a generalizable statutory or procedural weakness rather than a substantive policy disagreement.,A-11; FED-003; A-19; JUD-011,Institute for Policy Integrity Trump court roundup,https://policyintegrity.org/trump-court-roundup,https://cases.justia.com/federal/district-courts/georgia/gasdce/4:2018cv00251/76337/91/0.pdf?ts=1601554960,,preliminary text classification; controlling opinion review pending,2026-07-15
TAC-IPI1-041,1,"Ramos v. Nielsen , 975 F.3d 872 (9th Cir. 2020)",threshold-or-reviewability-disposition,adjudicated-action-permitted,"September 14, 2020: A federal appeals court in California reversed a lower court injunction , 336 F. Supp. 3d 1075 (N.D. Cal. 2018), of the Department of Homeland Security’s decision to terminate Temporary Protected Status for individuals from Haiti, Sudan, Nicaragua, and El Salvador, holding that plaintiffs' Administrative Procedure Act claim was unreviewable and rejecting the Equal Protection claim.","High priority: determine whether standing, jurisdiction, reviewability, waiver, or mootness left executive authority untested.",RIGHTS-002; RIGHTS-003; RIGHTS-004; A-14,Institute for Policy Integrity Trump court roundup,https://policyintegrity.org/trump-court-roundup,http://www.aclusocal.org/sites/default/files/aclu_ramos_20181003_order_granting_prelim_injunction.pdf,,preliminary text classification; controlling opinion review pending,2026-07-15
TAC-IPI1-044,1,"Wild Virginia et al v. Council on Environmental Quality et al , Docket No. 20-00045 (W.D. Va. Jul 29, 2020)",preliminary-or-remedial-denial,adjudicated-action-permitted,"September 11, 2020: A federal district court in Virginia denied plaintiffs’ motion for an order enjoining new regulations governing environmental reviews.",Do not treat as merits approval; identify later merits posture and whether harm occurred before effective review.,,Institute for Policy Integrity Trump court roundup,https://policyintegrity.org/trump-court-roundup,https://www.bloomberglaw.com/document/X44KNPH864G94DQGKQHQT5NPNCU,https://www.federalregister.gov/documents/2020/07/16/2020-15179/update-to-the-regulations-implementing-the-procedural-provisions-of-the-national-environmental,preliminary text classification; controlling opinion review pending,2026-07-15
TAC-IPI1-049,1,"Native Ecosystems Council v. Mehlhoff , 2020 WL 2060354 (D. Mont. 2020)",mixed-or-later-modified-disposition,adjudicated-action-permitted,"August 29, 2020: A federal district court in Montana found that the Bureau of Land Management had correctly analyzed three prescribed burn projects under the requirements of the Sage Grouse plans and that as such the plans did not violate the FLPMA. The court did find, however, that the agency had failed to comply with FLPMA for one of the areas.",Normalize claim-by-claim and appellate history before identifying any institutional gap.,,Institute for Policy Integrity Trump court roundup,https://policyintegrity.org/trump-court-roundup,,,preliminary text classification; controlling opinion review pending,2026-07-15
TAC-IPI1-057,1,"Environmental Integrity Project v. Environmental Protection Agency , 969 F.3d 529 (5th Cir. 2020)",apparent-merits-permission,adjudicated-action-permitted,"August 13, 2020: A federal appeals court held that EPA was not required to review whether a Title V permit issued by a Texas complied with all applicable requirements under the Clean Air Act, and was permitted to review just whether it contained the state’s permitting requirements.",Review whether the permitted action reveals a generalizable statutory or procedural weakness rather than a substantive policy disagreement.,,Institute for Policy Integrity Trump court roundup,https://policyintegrity.org/trump-court-roundup,http://www.ca5.uscourts.gov/opinions/pub/18/18-60384-CV0.pdf,,preliminary text classification; controlling opinion review pending,2026-07-15
TAC-IPI1-059,1,"New York v. Department of Education , No. 20-4260 2020 WL 4581595 (S.D.N.Y. Aug. 9, 2020)",manual-disposition-review-required,adjudicated-action-permitted,"August 9, 2020: A federal district court in New York denied an injunction of the Department of Education’s final rule , which narrowed the definition of sexual harassment in educational programs receiving federal funding and required educational programs to respond only to incidents of sexual harassment when they have actual—rather than constructive—knowledge, holding that plaintiffs were not likely to succeed in showing that the new procedures violated Title IX of the Education Amendments of 1972 or that the agency had failed to provide a reasoned explanation. Similarly, in Pennsylvania v. DeVos , No. 20-01468, 2020 WL 4673413 (D.D.C. Aug. 12, 2020), a federal district court in D.C. denied plaintiffs’ request for an injunction, finding that the plaintiffs had not established a likelihood of success on their claims.","Read the controlling opinion and code the exact merits, threshold, finality, and remedy grounds.",REG-001; A-11; FED-003; A-19; JUD-011,Institute for Policy Integrity Trump court roundup,https://policyintegrity.org/trump-court-roundup,https://kcjohnson.files.wordpress.com/2020/08/nys-pi-ruling.pdf,https://www.govinfo.gov/content/pkg/FR-2020-05-19/pdf/2020-10512.pdf,preliminary text classification; controlling opinion review pending,2026-07-15
TAC-IPI1-061,1,"Meritor, Inc. v. Environmental Protection Agency , 966 F.3d 864 (D.C. Cir. 2020)",apparent-merits-permission,adjudicated-action-permitted,"July 28, 2020: A federal appeals court in D.C. upheld EPA’s decision to list a site on the Superfund list in the face of an industry challenge.",Review whether the permitted action reveals a generalizable statutory or procedural weakness rather than a substantive policy disagreement.,,Institute for Policy Integrity Trump court roundup,https://policyintegrity.org/trump-court-roundup,,,preliminary text classification; controlling opinion review pending,2026-07-15
TAC-IPI1-071,1,"Little Sisters of the Poor Saints Peter and Paul Home v. Pennsylvania , 140 S.Ct. 2367 (July 8, 2020)",mixed-or-later-modified-disposition,adjudicated-action-permitted,"July 8, 2020: The Supreme Court reversed a lower court order enjoining rules that allow more employers to claim exemptions from the requirement that their health plans cover contraceptive services at no cost under the Affordable Care Act. The Court found that the agencies did not violate the Administrative Procedure Act’s notice-and-comment requirements or the Affordable Care Act.",Normalize claim-by-claim and appellate history before identifying any institutional gap.,JUD-001; JUD-005,Institute for Policy Integrity Trump court roundup,https://policyintegrity.org/trump-court-roundup,https://www.paed.uscourts.gov/documents/opinions/17D0846P.pdf,,preliminary text classification; controlling opinion review pending,2026-07-15
TAC-IPI1-077,1,"Pharaohs GC, Inc. v. Small Business Administration , 20-665, 2020 WL 3489404 (W.D.N.Y. 2020), affirmed 990 F.3d 217 (2nd Cir. 2021)",manual-disposition-review-required,adjudicated-action-permitted,"June 26, 2020: A district court in New York held the Small Business Administration had offered a reasoned decision for excluding Pharaohs GC, Inc. an adult-entertainment club, from the Paycheck Protection Program of the Coronavirus Aid, Relief, and Economic Security Act.","Read the controlling opinion and code the exact merits, threshold, finality, and remedy grounds.",,Institute for Policy Integrity Trump court roundup,https://policyintegrity.org/trump-court-roundup,,,preliminary text classification; controlling opinion review pending,2026-07-15
TAC-IPI1-078,1,"California v. Wheeler , No. 20-3005, 2020 WL 3403072 (N.D.Cal. June 19, 2020)",preliminary-or-remedial-denial,adjudicated-action-permitted,"June 19, 2020: A federal district court in California denied a motion for a preliminary injunction enjoining the Navigable Waters Rule . Separately, a federal district court in Colorado enjoined the rule in Colorado only. See Colorado v. U.S. Environmental Protection Agency , No. 20-cv-1461, 2020 WL 3402325, at (D.Colo. 2020).",Do not treat as merits approval; identify later merits posture and whether harm occurred before effective review.,,Institute for Policy Integrity Trump court roundup,https://policyintegrity.org/trump-court-roundup,https://www.bloomberglaw.com/document/X4EEOU4S7P39229KTFMD28PJOGN?,,preliminary text classification; controlling opinion review pending,2026-07-15
TAC-IPI1-079,1,"Hall v. Department of Agriculture , 467 F. Supp. 3d 838 (N.D. Cal. 2020), affirmed 984 F.3d 825 (9th Cir. 2020)",preliminary-or-remedial-denial,adjudicated-action-permitted,"June 17, 2020: A federal district court in California declined to enjoin a Department of Agriculture rule that had restricted Supplemental Nutrition Assistance Program benefits under the Families First Coronavirus Response Act for only family who were not already receiving the maximum monthly allotment of SNAP benefits.",Do not treat as merits approval; identify later merits posture and whether harm occurred before effective review.,,Institute for Policy Integrity Trump court roundup,https://policyintegrity.org/trump-court-roundup,,,preliminary text classification; controlling opinion review pending,2026-07-15
TAC-IPI1-082,1,"Friends of Animals v. Bernhardt , 961 F.3d 1197 (D.C. Cir. 2020)",apparent-merits-permission,adjudicated-action-permitted,"June 16, 2020: A federal appeals court in D.C. upheld a U.S. Fish and Wildlife Service policy allowing the agency to proceed through informal adjudication when deciding whether to allow trophy imports of species classified as ""threatened"" under the Endangered Species Act. (A previous and related policy was struck down. See the entry dated March 1, 2018.)",Review whether the permitted action reveals a generalizable statutory or procedural weakness rather than a substantive policy disagreement.,,Institute for Policy Integrity Trump court roundup,https://policyintegrity.org/trump-court-roundup,https://www.eenews.net/assets/2020/06/16/document_gw_05.pdf,,preliminary text classification; controlling opinion review pending,2026-07-15
TAC-IPI1-083,1,"Forest Service v. Cowpasture River Preservation Association , 140 S.Ct. 1837 (2020)",apparent-merits-permission,adjudicated-action-permitted,"June 15, 2020: The Supreme Court upheld Forest Service permits for the construction of the Atlantic Coast Pipeline, holding that the Forest Service has authority under the Mineral Leasing Act to grant rights-of-way through lands within national forests traversed by the Appalachian Trail.",Review whether the permitted action reveals a generalizable statutory or procedural weakness rather than a substantive policy disagreement.,A-11; FED-003; A-19; JUD-011,Institute for Policy Integrity Trump court roundup,https://policyintegrity.org/trump-court-roundup,https://www.supremecourt.gov/opinions/19pdf/18-1584_igdj.pdf,,preliminary text classification; controlling opinion review pending,2026-07-15
TAC-IPI1-084,1,"National Wildlife Federation v. Department of Transportation , 960 F.3d 872 (6th Cir. 2020)",mixed-or-later-modified-disposition,adjudicated-action-permitted,"June 5, 2020: A federal appeals court held that the Department of Transportation and Pipeline and Hazardous Materials Safety Administration had not violated the Endangered Species Act or National Environmental Policy Act in approving two pipeline oil spill response plans related a pipeline that runs across the Great Lakes region. With this ruling, the court reversed a lower court ruling.",Normalize claim-by-claim and appellate history before identifying any institutional gap.,,Institute for Policy Integrity Trump court roundup,https://policyintegrity.org/trump-court-roundup,,,preliminary text classification; controlling opinion review pending,2026-07-15
TAC-IPI1-093,1,"New York v. Environmental Protection Agency , 921 F.3d 257 (D.C. Cir. 2019)",manual-disposition-review-required,adjudicated-action-permitted,"April 23, 2019: A federal appeals court in D.C. held that EPA did not abuse its discretion in denying state petition seeking to expand the Ozone Transport Region to include more upwind states.","Read the controlling opinion and code the exact merits, threshold, finality, and remedy grounds.",,Institute for Policy Integrity Trump court roundup,https://policyintegrity.org/trump-court-roundup,https://www.courthousenews.com/wp-content/uploads/2019/04/epa-ozone.pdf,,preliminary text classification; controlling opinion review pending,2026-07-15
TAC-IPI1-095,1,"Gulf Restoration Network v. Bernhardt , No. 18-1674, 2020 WL 1930470 (D.D.C. Apr. 21, 2020), appeal filed (D.C. Cir. 20-5179)",apparent-merits-permission,adjudicated-action-permitted,"April 21, 2020: A federal district court upheld two offshore oil lease sales in the Gulf of Mexico. The court found that the Bureau of Ocean Energy Management had met its obligations under the National Environmental Policy Act.",Review whether the permitted action reveals a generalizable statutory or procedural weakness rather than a substantive policy disagreement.,,Institute for Policy Integrity Trump court roundup,https://policyintegrity.org/trump-court-roundup,https://perma.cc/MAL6-69PP,,preliminary text classification; controlling opinion review pending,2026-07-15
TAC-IPI1-097,1,"Waterkeeper Alliance, Inc. v. Wheeler , No. 18-2230, 2020 WL 1873564 (D.D.C. 2020)",manual-disposition-review-required,adjudicated-action-permitted,"April 15, 2020: A federal district court in D.C. rejected plaintiffs’ claim that EPA was required to issue enforceable public participation guidelines for state programs governing coal combustion residuals and that EPA was required to issue only time-limited permits. The court also vacated EPA's approval of the portion of Oklahoma’s coal ash permitting program that had allowed unlined surface impoundments in line with a 2015 rule that was vacated in Util. Solid Waste Activities Grp. v. EPA , 901 F.3d 414, 420 (D.C. Cir. 2018).","Read the controlling opinion and code the exact merits, threshold, finality, and remedy grounds.",A-11; FED-003; A-19; JUD-011,Institute for Policy Integrity Trump court roundup,https://policyintegrity.org/trump-court-roundup,https://insideepa.com/sites/insideepa.com/files/documents/2020/apr/epa2020_0641.pdf,,preliminary text classification; controlling opinion review pending,2026-07-15
TAC-IPI1-100,1,"Friends of Capital Crescent Trail v. Army Corps of Engineers No. 19-106, 453 F. Supp. 3d 804, 2020 WL 1849704 (D. Md. April 13, 2020), affirmed , 855 F. App'x. 121 (4th Cir. 2021)",apparent-merits-permission,adjudicated-action-permitted,April 13 2020: A federal district court in Maryland held that the Army Corps had not violated the National Environmental Policy Act or the Clean Water Act in making its decision to grant a dredge and fill permit to related to the development of a light rail line. In May 2021 (after President Biden was inaugurated) the 4th Circuit affirmed.,Review whether the permitted action reveals a generalizable statutory or procedural weakness rather than a substantive policy disagreement.,A-11; FED-003; A-19; JUD-011,Institute for Policy Integrity Trump court roundup,https://policyintegrity.org/trump-court-roundup,,,preliminary text classification; controlling opinion review pending,2026-07-15
TAC-IPI1-102,1,"NRDC v. McCarthy , No. 19-00055, 2020 U.S. Dist. LEXIS 61786 (D. Utah Apr. 7, 2020), affirmed , 993 F.3d 1243 (10th Cir. 2021).",apparent-merits-permission,adjudicated-action-permitted,"April 7, 2020: A federal district judge in Utah upheld the Bureau of Land Management's decision to lift a temporary closure order on cross-country off-highway vehicle travel in the Factory Butte area of Utah, rejecting plaintiffs’ claim that environmental review was required under the National Environmental Policy Act. In April 2021 (after President Biden was inaugurated), the 10th Circuit affirmed the lower court's decision.",Review whether the permitted action reveals a generalizable statutory or procedural weakness rather than a substantive policy disagreement.,,Institute for Policy Integrity Trump court roundup,https://policyintegrity.org/trump-court-roundup,https://www.courtlistener.com/recap/gov.uscourts.utd.115968/gov.uscourts.utd.115968.31.0.pdf,,preliminary text classification; controlling opinion review pending,2026-07-15
TAC-IPI1-103,1,"California v. Bureau of Land Management , 2020 U.S. Dist. LEXIS 53958 (N.D. Cal. 2020), appeal filed (9th Cir. 20-16158)",apparent-merits-permission,adjudicated-action-permitted,"March 27, 2020: A federal district court held that a repeal of fracking regulations was not arbitrary and capricious.",Review whether the permitted action reveals a generalizable statutory or procedural weakness rather than a substantive policy disagreement.,,Institute for Policy Integrity Trump court roundup,https://policyintegrity.org/trump-court-roundup,https://policyintegrity.org/documents/Order_NDCal_Ruling_on_SJ.pdf,https://www.govinfo.gov/content/pkg/FR-2015-03-26/pdf/2015-06658.pdf,preliminary text classification; controlling opinion review pending,2026-07-15
TAC-IPI1-104,1,"Friends of Animals v. Bernhardt, No. 18-064, 2020 WL 1466422 (D. Mont. March 26, 2020), reversed , 997 F.3d 1010 (9th Cir. 2021).",mixed-or-later-modified-disposition,adjudicated-action-permitted,"March 26, 2020: A federal district court in Montana held that the agency’s new requirement that plaintiffs notify the appropriate state agency prior to filing a petition under the Endangered Species Act did not violate the statute. In May 2021 (after President Biden was inaugurated), the 9th Circuit reversed, holding that the requirement was inconsistent with the Endangered Species Act's statutory scheme.",Normalize claim-by-claim and appellate history before identifying any institutional gap.,A-11; FED-003; A-19; JUD-011,Institute for Policy Integrity Trump court roundup,https://policyintegrity.org/trump-court-roundup,,,preliminary text classification; controlling opinion review pending,2026-07-15
TAC-IPI1-106,1,"Voyageur Outward Bound Sch. v. United States , 444 F. Supp. 3d 182 (D.D.C. 2020), appeal dismissed as moot (D.C. Cir. No. 20-5097)",apparent-merits-permission,adjudicated-action-permitted,"March 17, 2020: A federal district court in D.C. rejected plaintiffs’ challenge to Interior’s decision to reinstate two mining leases near the Boundary Waters wilderness, holding that the agency had authority to reconsider its prior decision and that the agency did not violate contract principles.",Review whether the permitted action reveals a generalizable statutory or procedural weakness rather than a substantive policy disagreement.,,Institute for Policy Integrity Trump court roundup,https://policyintegrity.org/trump-court-roundup,https://www.leagle.com/decision/infdco20200317f36,,preliminary text classification; controlling opinion review pending,2026-07-15
TAC-IPI1-107,1,"Environmental Law & Policy Center v. Coast Guard, No 18-12626, 447 F. Supp. 3d 602, 2020 WL 1249159 (E.D. Mich. March 16, 2020)",apparent-merits-permission,adjudicated-action-permitted,"March 16, 2020: A federal district court in Michigan held that the Coast Guard’s Northern Michigan Area Contingency Plan (NMACP), prepared under the Oil Pollution Act did not violate the Administrative Procedure Act or the Oil Pollution Act.",Review whether the permitted action reveals a generalizable statutory or procedural weakness rather than a substantive policy disagreement.,,Institute for Policy Integrity Trump court roundup,https://policyintegrity.org/trump-court-roundup,,,preliminary text classification; controlling opinion review pending,2026-07-15
TAC-IPI1-111,1,"350 Montana v. Bernhardt , 443 F. Supp. 3d 1185 (D.Mont. 2020), appeal filed (9th Cir. No. 20-35411)",mixed-or-later-modified-disposition,adjudicated-action-permitted,"March 9, 2020: A federal district court in Montana rejected the majority of plaintiffs' claims that the Office of Surface Mining Reclamation and Enforcement violated National Environmental Policy Act in approving an application to expand the Bull Mountains Mine. The court held in favor of plaintiffs on their claim that the agency violated the statute in failing to consider the risk of coal train derailments.",Normalize claim-by-claim and appellate history before identifying any institutional gap.,,Institute for Policy Integrity Trump court roundup,https://policyintegrity.org/trump-court-roundup,http://blogs2.law.columbia.edu/climate-change-litigation/wp-content/uploads/sites/16/case-documents/2020/20200309_docket-919-cv-00012_opinion-and-order.pdf,,preliminary text classification; controlling opinion review pending,2026-07-15
TAC-IPI1-115,1,"California v. Azar , 950 F.3d 1067 (9th Cir. 2020), appeal dropped (U.S.S.C. 20-429)",mixed-or-later-modified-disposition,adjudicated-action-permitted,"February 24, 2020: A federal appeals court in California upheld a rule that imposed restrictions on healthcare providers receiving grants for family-planning services under Title X of the Public Health Service Act. This decision reversed three 2019 district court decisions that had enjoined the rule. Separately, the rule is enjoined in Maryland. See Mayor v. Azar , 439 F. Supp. 3d 591 (D. Md. 2020), aff'd (4th Cir. 19-1614), appeal dropped (U.S.S.C. 20-454)",Normalize claim-by-claim and appellate history before identifying any institutional gap.,A-11; FED-003; A-19; JUD-011,Institute for Policy Integrity Trump court roundup,https://policyintegrity.org/trump-court-roundup,https://oag.ca.gov/system/files/attachments/press-docs/9th%20Cir%20En%20Banc%20Decision%20%282-24-20%29.pdf,https://www.govinfo.gov/content/pkg/FR-2019-05-21/pdf/2019-09667.pdf,preliminary text classification; controlling opinion review pending,2026-07-15
TAC-IPI1-119,1,"Akebia Therapeutics, Inc. v. Azar , 443 F. Supp. 3d 219 (D. Mass.), affirmed 976 F.3d 86 (1st Cir. 2020)",apparent-merits-permission,adjudicated-action-permitted,"February 4, 2020: A federal district court upheld the Centers for Medicare and Medicaid Services’ decision to eliminate coverage under Medicare Part D for Plaintiff’s drug, Auryxia, used in treating iron deficiency anemia in patients with chronic kidney disease, finding that the agency’s interpretation of the Medicare statute was reasonable, and the agency’s actions thereunder were not arbitrary and capricious. In September 2020, a federal appeals court affirmed .",Review whether the permitted action reveals a generalizable statutory or procedural weakness rather than a substantive policy disagreement.,,Institute for Policy Integrity Trump court roundup,https://policyintegrity.org/trump-court-roundup,https://www.leagle.com/decision/443205932fsupp3d2197,,preliminary text classification; controlling opinion review pending,2026-07-15
TAC-IPI1-126,1,"Northern Alaska Environmental Center v. Department of the Interior , No. 19-35008, 2018 WL 6424680 (D. Alaska), affirmed 965 F.3d 705 (9th Cir. 2020).",threshold-or-reviewability-disposition,adjudicated-action-permitted,"December 6, 2019: A federal district court in Alaska rejected a challenge to the Trump administration's decision to rely on the Obama administration's prior environmental review of two lease sales in the National Petroleum Reserve-Alaska, holding that plaintiffs had waived their claims. The court of appeals affirmed , holding that the Trump administration decision was justified and that plaintiffs had waived a claim that the administration was required to supplement that analysis.","High priority: determine whether standing, jurisdiction, reviewability, waiver, or mootness left executive authority untested.",,Institute for Policy Integrity Trump court roundup,https://policyintegrity.org/trump-court-roundup,https://www.courthousenews.com/wp-content/uploads/2020/07/NPRA-NRDC-9CA.pdf,,preliminary text classification; controlling opinion review pending,2026-07-15
TAC-IPI1-132,1,"Conservation Congress v. Forest Service No. 18-02404, 2018 WL 5629335 (E.D. Cal. Oct. 2018)",preliminary-or-remedial-denial,adjudicated-action-permitted,"October 30, 2019: A federal district court in California denied a motion to enjoin a Forest Service project designed to remove fire-damaged trees, holding that the agency had not violated the National Environmental Policy Act or the National Forest Management Act. The court later denied plaintiff’s motion for summary judgment as well. Conservation Congress v. Forest Service, 409 F. Supp. 3d 861 (E.D. Cal. 2019).",Do not treat as merits approval; identify later merits posture and whether harm occurred before effective review.,,Institute for Policy Integrity Trump court roundup,https://policyintegrity.org/trump-court-roundup,,,preliminary text classification; controlling opinion review pending,2026-07-15
TAC-IPI1-137,1,"Sierra Club v. Environmental Protection Agency , 939 F.3d 649 (5th Cir. 2019)",manual-disposition-review-required,adjudicated-action-permitted,"October 3, 2019: A federal appeals court rejected industry and environmental challenges to EPA’s approval of Louisiana’s state implementation plan for controlling regional haze, rejecting claims that the agency provided an unreasonable explanation for the decision and that it violated notice-and-comment requirements.","Read the controlling opinion and code the exact merits, threshold, finality, and remedy grounds.",,Institute for Policy Integrity Trump court roundup,https://policyintegrity.org/trump-court-roundup,,,preliminary text classification; controlling opinion review pending,2026-07-15
TAC-IPI1-139,1,"New Lifecare Hospitals of Chester County LLC v. Azar, No. 19-705, 417 F. Supp. 3d 31 (D.D.C. 2019)",apparent-merits-permission,adjudicated-action-permitted,"September 30, 2019: A federal district court in D.C. held that Health and Human Services had not violated the Social Security Act or notice-and-comment requirements when it adopted a new methodology for calculating Medicare reimbursement of long-term care hospitals.",Review whether the permitted action reveals a generalizable statutory or procedural weakness rather than a substantive policy disagreement.,,Institute for Policy Integrity Trump court roundup,https://policyintegrity.org/trump-court-roundup,,https://www.govinfo.gov/content/pkg/FR-2018-08-17/pdf/2018-16766.pdf,preliminary text classification; controlling opinion review pending,2026-07-15
TAC-IPI1-140,1,"National Audubon Society v. Army Corps of Engineers , No. 17-162, 420 F. Supp. 3d 409 (E.D. N.C. 2019), affirmed 2021 WL 1152922 (4th Cir. 2021)",apparent-merits-permission,adjudicated-action-permitted,"Sept. 25, 2019: A federal district court in North Carolina held that the Army Corps had complied with National Environmental Policy Act in granting a dredge and fill permit for a project designed to reduce erosion to beach and island property.",Review whether the permitted action reveals a generalizable statutory or procedural weakness rather than a substantive policy disagreement.,A-11; FED-003; A-19; JUD-011,Institute for Policy Integrity Trump court roundup,https://policyintegrity.org/trump-court-roundup,,,preliminary text classification; controlling opinion review pending,2026-07-15
TAC-IPI1-144,1,"Clean Water Action v. Environmental Protection Agency, 936 F.3d 308 (5th Cir. 2019)",apparent-merits-permission,adjudicated-action-permitted,"August 28, 2019: A federal appeals court held that EPA ’s postponement of compliance dates for restrictions on toxic-metal wastewater discharges from power plants was not arbitrary and capricious. (This is the second delay of that rule. A previous delay was withdrawn. See the entry dated September 18, 2017.)",Review whether the permitted action reveals a generalizable statutory or procedural weakness rather than a substantive policy disagreement.,,Institute for Policy Integrity Trump court roundup,https://policyintegrity.org/trump-court-roundup,https://www.eenews.net/assets/2019/08/28/document_gw_04.pdf,https://www.federalregister.gov/documents/2017/09/18/2017-19821/postponement-of-certain-compliance-dates-for-the-effluent-limitations-guidelines-and-standards-for,preliminary text classification; controlling opinion review pending,2026-07-15
TAC-IPI1-147,1,"Children’s Hospital Association of Texas v. Azar , 933 F.3d 764 (D.C. Cir. 2019), cert. denied, 141 S. Ct. 235, 208 L. Ed. 2d 16 (2020)",mixed-or-later-modified-disposition,adjudicated-action-permitted,"August 1, 2019: A federal appeals court upheld a Department of Health and Human Services rule —defining “costs incurred” for purposes of hospital reimbursements under the Medicaid Act awarded to the hospital when it provides services to low-income patients—finding that the Medicaid statute granted the agency authority to promulgate the rule and concluding that the agency had provided a reasoned explanation. In so ruling, the court reversed a district court decision .",Normalize claim-by-claim and appellate history before identifying any institutional gap.,A-11; FED-003; A-19; JUD-011,Institute for Policy Integrity Trump court roundup,https://policyintegrity.org/trump-court-roundup,https://www.govinfo.gov/content/pkg/FR-2017-04-03/pdf/2017-06538.pdf,https://www.govinfo.gov/content/pkg/USCOURTS-caDC-18-05135/pdf/USCOURTS-caDC-18-05135-0.pdf,preliminary text classification; controlling opinion review pending,2026-07-15
TAC-IPI1-151,1,"Idaho Conservation League v. Wheeler , 930 F.3d 494 (D.C. Cir. 2019)",apparent-merits-permission,adjudicated-action-permitted,"July 19, 2019: A federal appeals court in D.C. upheld EPA's decision not to finalize a proposed Obama-era rule that would have required hard-rock mine operators to establish and maintain evidence of financial responsibility to prove they could pay for cleanup in the event of toxic disasters or hazardous spills. The court rejected arguments that the decision contravened the Comprehensive Environmental Response, Compensation, and Liability Act, was arbitrary and capricious, and was procedurally defective.",Review whether the permitted action reveals a generalizable statutory or procedural weakness rather than a substantive policy disagreement.,,Institute for Policy Integrity Trump court roundup,https://policyintegrity.org/trump-court-roundup,https://perma.cc/FD4G-JF8M,,preliminary text classification; controlling opinion review pending,2026-07-15
TAC-IPI1-152,1,"Association for Community of Affiliated Plans v. Department of the Treasury , 392 F. Supp. 3d 22 (D.D.C. 2019), affirmed 2020 WL 4032806 (D.C. Cir. July 17, 2020)",apparent-merits-permission,adjudicated-action-permitted,"July 17, 2019: A federal district court in D.C. held that the updated “short-term limited duration insurance” (STLDI) rule is consistent with the Affordable Care Act. In July 2020, a federal appeals court affirmed .",Review whether the permitted action reveals a generalizable statutory or procedural weakness rather than a substantive policy disagreement.,,Institute for Policy Integrity Trump court roundup,https://policyintegrity.org/trump-court-roundup,https://ecf.dcd.uscourts.gov/cgi-bin/show_public_doc?2018cv2133-57,https://www.federalregister.gov/documents/2018/08/03/2018-16568/short-term-limited-duration-insurance,preliminary text classification; controlling opinion review pending,2026-07-15
TAC-IPI1-157,1,"National Organization of Veterans’ Advocates, Inc. v. Secretary of Veterans Affairs , 927 F.3d 1263 (Fed. Cir. 2019)",manual-disposition-review-required,adjudicated-action-permitted,"June 24, 2019: A federal appeals court held that the Veterans Administration had provided a reasoned explanation for a 2017 Veterans Administration rule related to disability benefits.","Read the controlling opinion and code the exact merits, threshold, finality, and remedy grounds.",,Institute for Policy Integrity Trump court roundup,https://policyintegrity.org/trump-court-roundup,,https://www.govinfo.gov/content/pkg/FR-2017-12-08/pdf/2017-26523.pdf,preliminary text classification; controlling opinion review pending,2026-07-15
TAC-IPI1-170,1,"Guedes v. Bureau of Alcohol, Tobacco, Firearms & Explosives , 920 F.3d 1 (D.C. Cir. 2019), cert. denied , 140 S. Ct. 789 (2020)",preliminary-or-remedial-denial,adjudicated-action-permitted,"April 1, 2019: The U.S. Court of Appeals declined to enjoin a Bureau of Alcohol, Tobacco, Firearms and Explosives rule —which classified bump-stock devices (devises that allow a shooter of a semiautomatic firearm to initiate a continuous firing cycle with a single pull of the trigger) as “machineguns” under the National Firearms Act of 1934 and the Gun Control Act of 1968, thus rendering bump-stock devices prohibited under the Acts—finding that the Bureau’s classification was reasonable, it had authority to promulgate the rule, and the rule was not arbitrary or capricious.",Do not treat as merits approval; identify later merits posture and whether harm occurred before effective review.,,Institute for Policy Integrity Trump court roundup,https://policyintegrity.org/trump-court-roundup,https://www.cadc.uscourts.gov/internet/opinions.nsf/E020C6DFFB0EB5AE852583CF00541653/$file/19-5042-1780398.pdf,https://www.govinfo.gov/content/pkg/FR-2018-12-26/pdf/2018-27763.pdf,preliminary text classification; controlling opinion review pending,2026-07-15
TAC-IPI1-171,1,"Potomac Riverkeeper, Inc. v. Wheeler, 381 F. Supp. 3d 1 (D.D.C. 2019), aff’d 2020 WL 2610887 (D.C. Cir. 2020)",manual-disposition-review-required,adjudicated-action-permitted,"March 31, 2019: A federal district court in D.C. rejected plaintiffs challenge to EPA’s approval of Virginia’s impaired waters list, holding that the approval was not contrary to the Clean Water Act.","Read the controlling opinion and code the exact merits, threshold, finality, and remedy grounds.",,Institute for Policy Integrity Trump court roundup,https://policyintegrity.org/trump-court-roundup,,,preliminary text classification; controlling opinion review pending,2026-07-15
TAC-IPI1-178,1,"City of Council Bluffs, Iowa v. Department of the Interior , 368 F. Supp. 3d 1276 (S.D. Iowa 2019), affirmed , 11 F.4th 852 (8th Cir. 2021)",mixed-or-later-modified-disposition,adjudicated-action-permitted,"March 26, 2019: A federal district court largely upheld the decision of the National Indian Gaming Commission which had concluded that the Ponca Tribe of Nebraska was permitted to conduct gaming activities. The court held, however, that the Commission unreasonably failed to consider purported verbal agreement between the Tribe and the state of Iowa and remanded the matter to the agency to address that issue. In August 2021 (after President Biden was inaugurated), the 8th Circuit affirmed the lower court's decision.",Normalize claim-by-claim and appellate history before identifying any institutional gap.,,Institute for Policy Integrity Trump court roundup,https://policyintegrity.org/trump-court-roundup,,,preliminary text classification; controlling opinion review pending,2026-07-15
TAC-IPI1-196,1,"Organization for Competitive Markets v. Department of Agriculture , 912 F.3d 455 (8th Cir. 2018)",apparent-merits-permission,adjudicated-action-permitted,"September 26, 2018: A federal appeals court found that it was not arbitrary and capricious for the U.S. Department of Agriculture to withdraw an interim final rule and proposed regulations related to the marketing of livestock, meat, and poultry.",Review whether the permitted action reveals a generalizable statutory or procedural weakness rather than a substantive policy disagreement.,,Institute for Policy Integrity Trump court roundup,https://policyintegrity.org/trump-court-roundup,https://law.justia.com/cases/federal/appellate-courts/ca8/17-3723/17-3723-2018-12-21.html,https://www.govinfo.gov/app/details/FR-2016-12-20/2016-30424/summary,preliminary text classification; controlling opinion review pending,2026-07-15
TAC-IPI1-207,1,"National Fair Housing Alliance v. Carson , 330 F. Supp. 3d 14 (D.D.C. 2018)",manual-disposition-review-required,adjudicated-action-permitted,"August 17, 2018: A federal district court in D.C. granted a motion to dismiss a claim that the U.S. Department of Housing and Urban Development had illegally withdrawn a tool necessary for compliance with fair housing requirements.","Read the controlling opinion and code the exact merits, threshold, finality, and remedy grounds.",A-11; FED-003; A-19; JUD-011,Institute for Policy Integrity Trump court roundup,https://policyintegrity.org/trump-court-roundup,https://prrac.org/pdf/Opinion_US_District_Court_DC_8_17_18.pdf,https://www.gpo.gov/fdsys/pkg/FR-2018-05-23/pdf/2018-11146.pdf,preliminary text classification; controlling opinion review pending,2026-07-15
TAC-IPI1-211,1,"ABC Aerolineas, S.A. de C.V. v. Department of Transportation , 747 F. App’x 865 (D.C. Cir. 2018)",apparent-merits-permission,adjudicated-action-permitted,"August 14, 2018: A federal appeals court upheld the Department of Transportation’s approval of a cooperation agreement between two airlines, finding that the Department’s action did not amount to an improper attempt to assert authority over Mexico and holding that excluding Interjet, a business competitor with the second highest number of slots at the Mexican airport, from receiving slot divestitures was not arbitrary and capricious.",Review whether the permitted action reveals a generalizable statutory or procedural weakness rather than a substantive policy disagreement.,,Institute for Policy Integrity Trump court roundup,https://policyintegrity.org/trump-court-roundup,https://cases.justia.com/federal/appellate-courts/cadc/17-1056/17-1056-2018-08-14.pdf?ts=1534258947,,preliminary text classification; controlling opinion review pending,2026-07-15
