Area ID,Area,Generalized Institutional Concern,Status,Issue Count,Notes
A-01,Department of Justice,"The Department of Justice lacks sufficient structural independence, external oversight, and enforceable safeguards to prevent presidential use of its leadership, personnel, investigative authority, and prosecutorial discretion for personal protection, political retaliation, or partisan advantage.",Active,8,Provisional inventory; full source development pending.
A-02,Election Integrity,"The election system remains vulnerable to partisan interference, delegitimization of lawful results, pressure on election officials, disruption of certification, and efforts to obstruct the peaceful transfer of power.",Active,10,Provisional inventory; full source development pending.
A-03,War Powers and Military Force,"The existing allocation of war powers allows presidents to initiate, expand, and prolong significant military operations without timely, specific, informed, and politically effective congressional authorization or continuing oversight.",Active,8,Provisional inventory; full source development pending.
A-04,Judicial Independence and Enforcement,The federal judiciary’s authority to interpret and apply law is not matched by a sufficiently independent and reliable enforcement structure capable of ensuring timely executive compliance during interbranch conflict.,Active,8,Provisional inventory; full source development pending.
A-05,Presidential Clemency and Pardon Power,"The pardon power lacks adequate safeguards against use for personal protection, political reward, obstruction, corruption, self-enrichment, or circumvention of ordinary justice processes, while the professional review process remains advisory and avoidable.",Active,10,Provisional inventory; full source development pending.
A-06,Presidential Conflicts of Interest and Emoluments,"The constitutional and statutory framework does not adequately prevent a president from retaining financial interests that may receive benefits from foreign, federal, state, or private actors seeking influence.",Active,14,Provisional inventory; full source development pending.
A-07,"Classification, Declassification, and National-Security Information","The classification system concentrates broad authority within the executive branch while lacking sufficiently clear, enforceable, and independently reviewable procedures governing presidential classification and declassification decisions, documentation, disclosure, retention, and misuse.",Active,12,Provisional inventory; full source development pending.
A-08,Civil Service and Professional Administration,"The executive branch retains excessive practical capacity to convert career administration into a loyalty-based workforce through reclassification, removal, reassignment, hiring control, intimidation, and erosion of merit protections.",Active,9,Provisional inventory; full source development pending.
A-09,"Inspectors General, Whistleblowers, and Internal Oversight","Internal watchdogs lack sufficient independence, access, tenure protection, remedial authority, and enforcement capacity to investigate executive misconduct when agency leadership or the president resists.",Active,8,Provisional inventory; full source development pending.
A-10,Emergency Powers and Domestic Executive Authority,"Presidents can invoke broadly worded emergency statutes to unlock extraordinary powers without sufficiently demanding findings, narrow scope, firm time limits, recurring legislative approval, or prompt judicial review.",Active,8,Provisional inventory; full source development pending.
A-11,Congressional Power of the Purse and Impoundment,"The executive branch can delay, condition, redirect, or refuse congressionally appropriated spending while available enforcement mechanisms remain too slow, uncertain, or politically dependent.",Active,8,Provisional inventory; full source development pending.
A-12,"Appointments, Acting Officials, and Senate Confirmation","The executive can bypass or substantially weaken Senate confirmation through extended acting service, delegation of authority, vacancy manipulation, recess appointments, and reorganization of statutory duties.",Active,8,Provisional inventory; full source development pending.
A-13,"Presidential Records, Archives, and Government Information","Record-preservation rules depend too heavily on executive compliance and lack sufficiently rapid and independent enforcement when records are removed, destroyed, concealed, privatized, or transmitted through unofficial systems.",Active,8,Provisional inventory; full source development pending.
A-14,Federal Law-Enforcement and Military Use Inside the United States,"The president retains broad and partially ambiguous authority to deploy federal law-enforcement personnel, the National Guard, or military resources domestically while legal limits and legislative controls may be too weak during political conflict.",Active,8,Provisional inventory; full source development pending.
A-15,Congressional Oversight and Executive Accountability,"Congressional oversight becomes ineffective when subpoenas, testimony demands, document requests, appropriations controls, and contempt mechanisms depend on voluntary executive compliance or partisan congressional will.",Active,8,Provisional inventory; full source development pending.
A-16,Presidential Immunity and Accountability for Official Misconduct,"The legal system lacks a sufficiently clear, timely, and enforceable framework for holding presidents accountable for criminal, civil, or constitutional misconduct committed while in office or under the asserted mantle of official authority.",Active,8,Provisional inventory; full source development pending.
A-17,Independent Agencies and Regulatory Neutrality,"The constitutional and statutory position of independent agencies is increasingly unstable, while presidential control over removal, enforcement, adjudication, funding, and rulemaking may compromise functions intended to operate with some insulation from immediate partisan command.",Active,8,Provisional inventory; full source development pending.
A-18,"Government Scientific, Statistical, and Factual Integrity","Official data, scientific findings, public-health guidance, economic statistics, historical information, and technical assessments remain vulnerable to suppression, alteration, delay, selective publication, or political reinterpretation.",Active,8,Provisional inventory; full source development pending.
A-19,"Federal Contracting, Grants, Licensing, and Regulatory Retaliation","Presidents and political appointees possess sufficient influence over contracts, grants, licenses, investigations, approvals, and regulatory burdens to reward allies or punish critics without adequately independent review and rapid remedies.",Active,8,Provisional inventory; full source development pending.
A-20,Federalism and Presidential Coercion of States,"The federal government can use funding, enforcement discretion, emergency authority, deployment powers, waivers, and regulatory pressure to coerce state or local governments for partisan or personal purposes.",Active,8,Provisional inventory; full source development pending.
A-21,Federal Reserve Independence and Monetary Policy,"The Federal Reserve’s operational independence remains vulnerable to presidential pressure, partisan retaliation, appointment manipulation, removal threats, financing pressure, and efforts to subordinate monetary-policy decisions to short-term electoral interests.",Active,8,High-priority systemic-risk area. Full source development and annotation pending.
A-22,Freedom and Independence of the Press,"Existing constitutional and statutory safeguards do not adequately prevent presidents and executive officials from using access, investigations, licensing, contracting, regulatory authority, funding, or public intimidation to punish disfavored news organizations, reward favorable coverage, or distort the public factual environment.",Active,12,Distinguish protected criticism from governmental coercive or distributive action.
A-23,Federal Historic Property and Civic Heritage,"Federal historic buildings, monuments, landscapes, civic spaces, museum-like interiors, and commemorative features remain vulnerable to unilateral executive alteration, demolition, privatized redesign, donor influence, expedited construction, opaque security claims, and weak remedies after irreversible physical change.",Active,8,Provisional inventory; full source development pending.
