Issue ID,Area ID,Title,Development Status,Audit Runs,Proposal Quality Score,Audit Status,Last Audit Type,Last Audit Date,Score Basis,Next Audit Need
DOJ-001,A-01,Recent Presidential Personal Counsel in Senior DOJ Leadership,Developed,5,66,T2 development audit complete; targeted follow-up pending,T2 development audit,2026-06-25,"T2 audit completed under the two-hour estimate; corrected a material remedy mismatch by extending the bill from Attorney General-only coverage to Attorney General and Deputy Attorney General coverage through 28 U.S.C. §§ 503 and 504; refreshed issue-page sources to primary public-law links where available; updated visible audit record, audit front matter, proposed-legislation link, least-complex remedy, annotation, legislation title, and source inventory; score remains limited by unresolved standing, designated ethics authority, disclosure timing, direct prior-legislation comparison, coalition/adoption evidence, and fuller judicial-scrutiny analysis.","Run targeted T2 follow-up on prior legislation, adoption and coalition support, standing and enforcement design, designated ethics authority, disclosure timing, possible Associate Attorney General coverage, and Supreme Court scrutiny."
DOJ-002,A-01,White House Direction or Interference in Particular Federal Criminal Matters,Developed,1,60,Structural audit complete; advanced audits pending,Initial framework and inventory audit,2026-06-24,"Issue has a developed page and linked legislation path, and has passed current structural inventory review; source, legal-fit, prior-proposal, and adoption audits remain incomplete.","Complete source verification, existing-law fit, prior-proposal survey, political-language neutrality, coalition-appeal, and implementation-risk audits."
DOJ-003,A-01,"Politically Selective Enforcement, Charging, and Favoritism",Developed,1,60,Structural audit complete; advanced audits pending,Initial framework and inventory audit,2026-06-24,"Issue has a developed page and linked legislation path, and has passed current structural inventory review; source, legal-fit, prior-proposal, and adoption audits remain incomplete.","Complete source verification, existing-law fit, prior-proposal survey, political-language neutrality, coalition-appeal, and implementation-risk audits."
DOJ-004,A-01,Protection of Career DOJ Personnel from Politically Motivated Removal or Reassignment,Awaiting merits adjudication,1,0,Pending judicial or controlling external finding; no proposal-quality score assigned,Initial framework and inventory audit,2026-06-24,"Issue is pending a judicial, merits, or other controlling external finding; proposal quality remains zero until the predicate is resolved.","Reassess after the controlling judicial, merits, or external finding is resolved or clarified."
DOJ-005,A-01,Weak Enforcement and Internal Control of DOJ Recusal Duties,Developed,1,60,Structural audit complete; advanced audits pending,Initial framework and inventory audit,2026-06-24,"Issue has a developed page and linked legislation path, and has passed current structural inventory review; source, legal-fit, prior-proposal, and adoption audits remain incomplete.","Complete source verification, existing-law fit, prior-proposal survey, political-language neutrality, coalition-appeal, and implementation-risk audits."
DOJ-006,A-01,Insufficiently enforceable limits on White House–DOJ contacts,Retired—merged into DOJ-002 and DOJ-007,1,0,Retired or merged; no standalone proposal quality score,Initial framework and inventory audit,2026-06-24,Standalone proposal retired or merged into a primary issue; quality should be assessed through the surviving proposal.,Confirm cross-reference remains accurate if primary issue changes.
DOJ-007,A-01,Independent Investigation of Presidential and Senior Executive Misconduct,Developed,1,60,Structural audit complete; advanced audits pending,Initial framework and inventory audit,2026-06-24,"Issue has a developed page and linked legislation path, and has passed current structural inventory review; source, legal-fit, prior-proposal, and adoption audits remain incomplete.","Complete source verification, existing-law fit, prior-proposal survey, political-language neutrality, coalition-appeal, and implementation-risk audits."
DOJ-008,A-01,Weak external review of politicized charging or noncharging decisions,Retired—merged into DOJ-003,1,0,Retired or merged; no standalone proposal quality score,Initial framework and inventory audit,2026-06-24,Standalone proposal retired or merged into a primary issue; quality should be assessed through the surviving proposal.,Confirm cross-reference remains accurate if primary issue changes.
DOJ-009,A-01,Insufficient Professional-Qualification Requirements for Senior DOJ Leadership,Developed,1,60,Structural audit complete; advanced audits pending,Initial framework and inventory audit,2026-06-24,"Issue has a developed page and linked legislation path, and has passed current structural inventory review; source, legal-fit, prior-proposal, and adoption audits remain incomplete.","Complete source verification, existing-law fit, prior-proposal survey, political-language neutrality, coalition-appeal, and implementation-risk audits."
ELEC-001,A-02,Federal Executive Interference with State and Local Election Administration,Developed,1,60,Structural audit complete; advanced audits pending,Initial framework and inventory audit,2026-06-24,"Issue has a developed page and linked legislation path, and has passed current structural inventory review; source, legal-fit, prior-proposal, and adoption audits remain incomplete.","Complete source verification, existing-law fit, prior-proposal survey, political-language neutrality, coalition-appeal, and implementation-risk audits."
ELEC-002,A-02,Pressure on Certification and Canvassing Officials,Developed,1,60,Structural audit complete; advanced audits pending,Initial framework and inventory audit,2026-06-24,"Issue has a developed page and linked legislation path, and has passed current structural inventory review; source, legal-fit, prior-proposal, and adoption audits remain incomplete.","Complete source verification, existing-law fit, prior-proposal survey, political-language neutrality, coalition-appeal, and implementation-risk audits."
ELEC-003,A-02,Insufficient Protection for Election Workers and Officials,Developed,1,60,Structural audit complete; advanced audits pending,Initial framework and inventory audit,2026-06-24,"Issue has a developed page and linked legislation path, and has passed current structural inventory review; source, legal-fit, prior-proposal, and adoption audits remain incomplete.","Complete source verification, existing-law fit, prior-proposal survey, political-language neutrality, coalition-appeal, and implementation-risk audits."
ELEC-004,A-02,Abuse of Election Litigation and Investigatory Mechanisms,Developed,1,60,Structural audit complete; advanced audits pending,Initial framework and inventory audit,2026-06-24,"Issue has a developed page and linked legislation path, and has passed current structural inventory review; source, legal-fit, prior-proposal, and adoption audits remain incomplete.","Complete source verification, existing-law fit, prior-proposal survey, political-language neutrality, coalition-appeal, and implementation-risk audits."
ELEC-005,A-02,Weak Safeguards Against False Presidential Result-Transmission Documents,Developed,1,60,Structural audit complete; advanced audits pending,Initial framework and inventory audit,2026-06-24,"Issue has a developed page and linked legislation path, and has passed current structural inventory review; source, legal-fit, prior-proposal, and adoption audits remain incomplete.","Complete source verification, existing-law fit, prior-proposal survey, political-language neutrality, coalition-appeal, and implementation-risk audits."
ELEC-006,A-02,Insufficiently Automatic Presidential-Transition Procedures,Developed,1,60,Structural audit complete; advanced audits pending,Initial framework and inventory audit,2026-06-24,"Issue has a developed page and linked legislation path, and has passed current structural inventory review; source, legal-fit, prior-proposal, and adoption audits remain incomplete.","Complete source verification, existing-law fit, prior-proposal survey, political-language neutrality, coalition-appeal, and implementation-risk audits."
ELEC-007,A-02,Improper Federal-Force Presence in Election Administration,Developed,1,60,Structural audit complete; advanced audits pending,Initial framework and inventory audit,2026-06-24,"Issue has a developed page and linked legislation path, and has passed current structural inventory review; source, legal-fit, prior-proposal, and adoption audits remain incomplete.","Complete source verification, existing-law fit, prior-proposal survey, political-language neutrality, coalition-appeal, and implementation-risk audits."
ELEC-008,A-02,Accountability for Coordinated Federal Election-Subversion Schemes,Developed,1,60,Structural audit complete; advanced audits pending,Initial framework and inventory audit,2026-06-24,"Issue has a developed page and linked legislation path, and has passed current structural inventory review; source, legal-fit, prior-proposal, and adoption audits remain incomplete.","Complete source verification, existing-law fit, prior-proposal survey, political-language neutrality, coalition-appeal, and implementation-risk audits."
ELEC-009,A-02,Electoral College Structure and National Popular Vote,Developed,1,60,Structural audit complete; advanced audits pending,Initial framework and inventory audit,2026-06-24,"Issue has a developed page and linked legislation path, and has passed current structural inventory review; source, legal-fit, prior-proposal, and adoption audits remain incomplete.","Complete source verification, existing-law fit, prior-proposal survey, political-language neutrality, coalition-appeal, and implementation-risk audits."
ELEC-010,A-02,"Mail-In Voting Access, Reliability, and Trust",Developed,1,55,Structural audit complete; legislation path pending; advanced audits pending,Initial framework and inventory audit,2026-06-24,"Issue has a developed page and passed current structural inventory review, but no legislation path is listed; advanced audit work remains incomplete.","Decide whether legislation is appropriate, then complete source, legal-fit, prior-proposal, coalition-appeal, and implementation-risk audits."
WAR-001,A-03,Comprehensive War Powers and Use-of-Force Authorization Reform,Developed,1,60,Structural audit complete; advanced audits pending,Initial framework and inventory audit,2026-06-24,"Issue has a developed page and linked legislation path, and has passed current structural inventory review; source, legal-fit, prior-proposal, and adoption audits remain incomplete.","Complete source verification, existing-law fit, prior-proposal survey, political-language neutrality, coalition-appeal, and implementation-risk audits."
WAR-002,A-03,Ineffective automatic termination under the War Powers framework,Retired—merged into WAR-001,1,0,Retired or merged; no standalone proposal quality score,Initial framework and inventory audit,2026-06-24,Standalone proposal retired or merged into a primary issue; quality should be assessed through the surviving proposal.,Confirm cross-reference remains accurate if primary issue changes.
WAR-003,A-03,Overbroad and indefinite authorizations for use of military force,Retired—merged into WAR-001,1,0,Retired or merged; no standalone proposal quality score,Initial framework and inventory audit,2026-06-24,Standalone proposal retired or merged into a primary issue; quality should be assessed through the surviving proposal.,Confirm cross-reference remains accurate if primary issue changes.
WAR-004,A-03,"Executive control over legal interpretations of war, hostilities, self-defense, and authorization",Retired—merged into WAR-001,1,0,Retired or merged; no standalone proposal quality score,Initial framework and inventory audit,2026-06-24,Standalone proposal retired or merged into a primary issue; quality should be assessed through the surviving proposal.,Confirm cross-reference remains accurate if primary issue changes.
WAR-005,A-03,Partisan collapse of congressional oversight,Retired—merged into WAR-001,1,0,Retired or merged; no standalone proposal quality score,Initial framework and inventory audit,2026-06-24,Standalone proposal retired or merged into a primary issue; quality should be assessed through the surviving proposal.,Confirm cross-reference remains accurate if primary issue changes.
WAR-006,A-03,Insufficient information before military commitment,Retired—merged into WAR-001,1,0,Retired or merged; no standalone proposal quality score,Initial framework and inventory audit,2026-06-24,Standalone proposal retired or merged into a primary issue; quality should be assessed through the surviving proposal.,Confirm cross-reference remains accurate if primary issue changes.
WAR-007,A-03,Mission expansion beyond original authorization,Retired—merged into WAR-001,1,0,Retired or merged; no standalone proposal quality score,Initial framework and inventory audit,2026-06-24,Standalone proposal retired or merged into a primary issue; quality should be assessed through the surviving proposal.,Confirm cross-reference remains accurate if primary issue changes.
WAR-008,A-03,Treatment of appropriations as implied authorization,Retired—merged into WAR-001,1,0,Retired or merged; no standalone proposal quality score,Initial framework and inventory audit,2026-06-24,Standalone proposal retired or merged into a primary issue; quality should be assessed through the surviving proposal.,Confirm cross-reference remains accurate if primary issue changes.
JUD-001,A-04,Executive Dependence of Judicial Enforcement,Developed,1,60,Structural audit complete; advanced audits pending,Initial framework and inventory audit,2026-06-24,"Issue has a developed page and linked legislation path, and has passed current structural inventory review; source, legal-fit, prior-proposal, and adoption audits remain incomplete.","Complete source verification, existing-law fit, prior-proposal survey, political-language neutrality, coalition-appeal, and implementation-risk audits."
JUD-002,A-04,Inadequate remedies for executive noncompliance,Retired—merged into JUD-001,1,0,Retired or merged; no standalone proposal quality score,Initial framework and inventory audit,2026-06-24,Standalone proposal retired or merged into a primary issue; quality should be assessed through the surviving proposal.,Confirm cross-reference remains accurate if primary issue changes.
JUD-003,A-04,Delay as functional defiance,Retired—merged into JUD-001,1,0,Retired or merged; no standalone proposal quality score,Initial framework and inventory audit,2026-06-24,Standalone proposal retired or merged into a primary issue; quality should be assessed through the surviving proposal.,Confirm cross-reference remains accurate if primary issue changes.
JUD-004,A-04,Lack of an independent judicial enforcement officer or service,Retired—merged into JUD-001,1,0,Retired or merged; no standalone proposal quality score,Initial framework and inventory audit,2026-06-24,Standalone proposal retired or merged into a primary issue; quality should be assessed through the surviving proposal.,Confirm cross-reference remains accurate if primary issue changes.
JUD-005,A-04,Weak or partisan congressional response to judicial defiance,Candidate,1,10,Inventory-only candidate; substantive audit pending,Initial framework and inventory audit,2026-06-24,"Issue is identified in inventory but lacks a developed proposal, source record, remedy analysis, and proposal survey.","Apply issue-admission test and decide whether to develop, merge, or retain as research inventory."
JUD-006,A-04,Uncertainty regarding contempt and coercive sanctions against senior executive officials,Retired—merged into JUD-001,1,0,Retired or merged; no standalone proposal quality score,Initial framework and inventory audit,2026-06-24,Standalone proposal retired or merged into a primary issue; quality should be assessed through the surviving proposal.,Confirm cross-reference remains accurate if primary issue changes.
JUD-007,A-04,"Evasion through substitution, reorganization, or nominally revised directives",Candidate,1,10,Inventory-only candidate; substantive audit pending,Initial framework and inventory audit,2026-06-24,"Issue is identified in inventory but lacks a developed proposal, source record, remedy analysis, and proposal survey.","Apply issue-admission test and decide whether to develop, merge, or retain as research inventory."
JUD-008,A-04,Insufficient transparency and verification regarding compliance,Candidate,1,10,Inventory-only candidate; substantive audit pending,Initial framework and inventory audit,2026-06-24,"Issue is identified in inventory but lacks a developed proposal, source record, remedy analysis, and proposal survey.","Apply issue-admission test and decide whether to develop, merge, or retain as research inventory."
JUD-009,A-04,Appointer-President Recusal,Developed,1,60,Structural audit complete; advanced audits pending,Initial framework and inventory audit,2026-06-24,"Issue has a developed page and linked legislation path, and has passed current structural inventory review; source, legal-fit, prior-proposal, and adoption audits remain incomplete.","Complete source verification, existing-law fit, prior-proposal survey, political-language neutrality, coalition-appeal, and implementation-risk audits."
PAR-001,A-05,Personal or political benefit,Candidate,1,10,Inventory-only candidate; substantive audit pending,Initial framework and inventory audit,2026-06-24,"Issue is identified in inventory but lacks a developed proposal, source record, remedy analysis, and proposal survey.","Apply issue-admission test and decide whether to develop, merge, or retain as research inventory."
PAR-002,A-05,Obstruction or witness inducement,Candidate,1,10,Inventory-only candidate; substantive audit pending,Initial framework and inventory audit,2026-06-24,"Issue is identified in inventory but lacks a developed proposal, source record, remedy analysis, and proposal survey.","Apply issue-admission test and decide whether to develop, merge, or retain as research inventory."
PAR-003,A-05,"Sale, brokerage, or monetization of pardons",Candidate,1,10,Inventory-only candidate; substantive audit pending,Initial framework and inventory audit,2026-06-24,"Issue is identified in inventory but lacks a developed proposal, source record, remedy analysis, and proposal survey.","Apply issue-admission test and decide whether to develop, merge, or retain as research inventory."
PAR-004,A-05,Pardons benefiting the president or presidential interests,Candidate,1,10,Inventory-only candidate; substantive audit pending,Initial framework and inventory audit,2026-06-24,"Issue is identified in inventory but lacks a developed proposal, source record, remedy analysis, and proposal survey.","Apply issue-admission test and decide whether to develop, merge, or retain as research inventory."
PAR-005,A-05,Self-pardon uncertainty,Candidate,1,10,Inventory-only candidate; substantive audit pending,Initial framework and inventory audit,2026-06-24,"Issue is identified in inventory but lacks a developed proposal, source record, remedy analysis, and proposal survey.","Apply issue-admission test and decide whether to develop, merge, or retain as research inventory."
PAR-006,A-05,Bypass of professional clemency review,Candidate,1,10,Inventory-only candidate; substantive audit pending,Initial framework and inventory audit,2026-06-24,"Issue is identified in inventory but lacks a developed proposal, source record, remedy analysis, and proposal survey.","Apply issue-admission test and decide whether to develop, merge, or retain as research inventory."
PAR-007,A-05,Inadequate transparency,Candidate,1,10,Inventory-only candidate; substantive audit pending,Initial framework and inventory audit,2026-06-24,"Issue is identified in inventory but lacks a developed proposal, source record, remedy analysis, and proposal survey.","Apply issue-admission test and decide whether to develop, merge, or retain as research inventory."
PAR-008,A-05,Blanket or categorical pardons,Candidate,1,10,Inventory-only candidate; substantive audit pending,Initial framework and inventory audit,2026-06-24,"Issue is identified in inventory but lacks a developed proposal, source record, remedy analysis, and proposal survey.","Apply issue-admission test and decide whether to develop, merge, or retain as research inventory."
PAR-009,A-05,Transition-period pardons,Candidate,1,10,Inventory-only candidate; substantive audit pending,Initial framework and inventory audit,2026-06-24,"Issue is identified in inventory but lacks a developed proposal, source record, remedy analysis, and proposal survey.","Apply issue-admission test and decide whether to develop, merge, or retain as research inventory."
PAR-010,A-05,Weak remedies after corrupt use,Candidate,1,10,Inventory-only candidate; substantive audit pending,Initial framework and inventory audit,2026-06-24,"Issue is identified in inventory but lacks a developed proposal, source record, remedy analysis, and proposal survey.","Apply issue-admission test and decide whether to develop, merge, or retain as research inventory."
EMOL-001,A-06,Lack of mandatory divestment,Candidate,1,10,Inventory-only candidate; substantive audit pending,Initial framework and inventory audit,2026-06-24,"Issue is identified in inventory but lacks a developed proposal, source record, remedy analysis, and proposal survey.","Apply issue-admission test and decide whether to develop, merge, or retain as research inventory."
EMOL-002,A-06,Presidential exemption from ordinary conflict-of-interest law,Candidate,1,10,Inventory-only candidate; substantive audit pending,Initial framework and inventory audit,2026-06-24,"Issue is identified in inventory but lacks a developed proposal, source record, remedy analysis, and proposal survey.","Apply issue-admission test and decide whether to develop, merge, or retain as research inventory."
EMOL-003,A-06,Absence of a designated enforcement institution,Candidate,1,10,Inventory-only candidate; substantive audit pending,Initial framework and inventory audit,2026-06-24,"Issue is identified in inventory but lacks a developed proposal, source record, remedy analysis, and proposal survey.","Apply issue-admission test and decide whether to develop, merge, or retain as research inventory."
EMOL-004,A-06,Standing barriers,Candidate,1,10,Inventory-only candidate; substantive audit pending,Initial framework and inventory audit,2026-06-24,"Issue is identified in inventory but lacks a developed proposal, source record, remedy analysis, and proposal survey.","Apply issue-admission test and decide whether to develop, merge, or retain as research inventory."
EMOL-005,A-06,Uncertainty over the meaning of emolument,Candidate,1,10,Inventory-only candidate; substantive audit pending,Initial framework and inventory audit,2026-06-24,"Issue is identified in inventory but lacks a developed proposal, source record, remedy analysis, and proposal survey.","Apply issue-admission test and decide whether to develop, merge, or retain as research inventory."
EMOL-006,A-06,Benefits routed through business entities,Candidate,1,10,Inventory-only candidate; substantive audit pending,Initial framework and inventory audit,2026-06-24,"Issue is identified in inventory but lacks a developed proposal, source record, remedy analysis, and proposal survey.","Apply issue-admission test and decide whether to develop, merge, or retain as research inventory."
EMOL-007,A-06,Foreign-government patronage,Candidate,1,10,Inventory-only candidate; substantive audit pending,Initial framework and inventory audit,2026-06-24,"Issue is identified in inventory but lacks a developed proposal, source record, remedy analysis, and proposal survey.","Apply issue-admission test and decide whether to develop, merge, or retain as research inventory."
EMOL-008,A-06,Domestic-government spending at presidential businesses,Candidate,1,10,Inventory-only candidate; substantive audit pending,Initial framework and inventory audit,2026-06-24,"Issue is identified in inventory but lacks a developed proposal, source record, remedy analysis, and proposal survey.","Apply issue-admission test and decide whether to develop, merge, or retain as research inventory."
EMOL-009,A-06,Inadequate financial disclosure,Candidate,1,10,Inventory-only candidate; substantive audit pending,Initial framework and inventory audit,2026-06-24,"Issue is identified in inventory but lacks a developed proposal, source record, remedy analysis, and proposal survey.","Apply issue-admission test and decide whether to develop, merge, or retain as research inventory."
EMOL-010,A-06,Lack of an operational congressional-consent process,Candidate,1,10,Inventory-only candidate; substantive audit pending,Initial framework and inventory audit,2026-06-24,"Issue is identified in inventory but lacks a developed proposal, source record, remedy analysis, and proposal survey.","Apply issue-admission test and decide whether to develop, merge, or retain as research inventory."
EMOL-011,A-06,Remedies that arrive too late,Candidate,1,10,Inventory-only candidate; substantive audit pending,Initial framework and inventory audit,2026-06-24,"Issue is identified in inventory but lacks a developed proposal, source record, remedy analysis, and proposal survey.","Apply issue-admission test and decide whether to develop, merge, or retain as research inventory."
EMOL-012,A-06,Lack of effective disgorgement,Candidate,1,10,Inventory-only candidate; substantive audit pending,Initial framework and inventory audit,2026-06-24,"Issue is identified in inventory but lacks a developed proposal, source record, remedy analysis, and proposal survey.","Apply issue-admission test and decide whether to develop, merge, or retain as research inventory."
EMOL-013,A-06,Circumvention through family or affiliated entities,Candidate,1,10,Inventory-only candidate; substantive audit pending,Initial framework and inventory audit,2026-06-24,"Issue is identified in inventory but lacks a developed proposal, source record, remedy analysis, and proposal survey.","Apply issue-admission test and decide whether to develop, merge, or retain as research inventory."
EMOL-014,A-06,Dependence on impeachment or political restraint,Candidate,1,10,Inventory-only candidate; substantive audit pending,Initial framework and inventory audit,2026-06-24,"Issue is identified in inventory but lacks a developed proposal, source record, remedy analysis, and proposal survey.","Apply issue-admission test and decide whether to develop, merge, or retain as research inventory."
CLASS-001,A-07,Undocumented presidential declassification,Candidate,1,10,Inventory-only candidate; substantive audit pending,Initial framework and inventory audit,2026-06-24,"Issue is identified in inventory but lacks a developed proposal, source record, remedy analysis, and proposal survey.","Apply issue-admission test and decide whether to develop, merge, or retain as research inventory."
CLASS-002,A-07,Confusion between declassification and lawful possession,Candidate,1,10,Inventory-only candidate; substantive audit pending,Initial framework and inventory audit,2026-06-24,"Issue is identified in inventory but lacks a developed proposal, source record, remedy analysis, and proposal survey.","Apply issue-admission test and decide whether to develop, merge, or retain as research inventory."
CLASS-003,A-07,Unclear statutory exceptions such as Restricted Data,Candidate,1,10,Inventory-only candidate; substantive audit pending,Initial framework and inventory audit,2026-06-24,"Issue is identified in inventory but lacks a developed proposal, source record, remedy analysis, and proposal survey.","Apply issue-admission test and decide whether to develop, merge, or retain as research inventory."
CLASS-004,A-07,Classification used to conceal misconduct or embarrassment,Candidate,1,10,Inventory-only candidate; substantive audit pending,Initial framework and inventory audit,2026-06-24,"Issue is identified in inventory but lacks a developed proposal, source record, remedy analysis, and proposal survey.","Apply issue-admission test and decide whether to develop, merge, or retain as research inventory."
CLASS-005,A-07,Politically selective declassification,Candidate,1,10,Inventory-only candidate; substantive audit pending,Initial framework and inventory audit,2026-06-24,"Issue is identified in inventory but lacks a developed proposal, source record, remedy analysis, and proposal survey.","Apply issue-admission test and decide whether to develop, merge, or retain as research inventory."
CLASS-006,A-07,Inadequate protection against exposure of intelligence sources and methods,Candidate,1,10,Inventory-only candidate; substantive audit pending,Initial framework and inventory audit,2026-06-24,"Issue is identified in inventory but lacks a developed proposal, source record, remedy analysis, and proposal survey.","Apply issue-admission test and decide whether to develop, merge, or retain as research inventory."
CLASS-007,A-07,Weak archival and agency implementation procedures,Candidate,1,10,Inventory-only candidate; substantive audit pending,Initial framework and inventory audit,2026-06-24,"Issue is identified in inventory but lacks a developed proposal, source record, remedy analysis, and proposal survey.","Apply issue-admission test and decide whether to develop, merge, or retain as research inventory."
CLASS-008,A-07,Overclassification and excessive secrecy,Candidate,1,10,Inventory-only candidate; substantive audit pending,Initial framework and inventory audit,2026-06-24,"Issue is identified in inventory but lacks a developed proposal, source record, remedy analysis, and proposal survey.","Apply issue-admission test and decide whether to develop, merge, or retain as research inventory."
CLASS-009,A-07,Insufficient congressional access and oversight,Candidate,1,10,Inventory-only candidate; substantive audit pending,Initial framework and inventory audit,2026-06-24,"Issue is identified in inventory but lacks a developed proposal, source record, remedy analysis, and proposal survey.","Apply issue-admission test and decide whether to develop, merge, or retain as research inventory."
CLASS-010,A-07,Limited external review and judicial remedies,Candidate,1,10,Inventory-only candidate; substantive audit pending,Initial framework and inventory audit,2026-06-24,"Issue is identified in inventory but lacks a developed proposal, source record, remedy analysis, and proposal survey.","Apply issue-admission test and decide whether to develop, merge, or retain as research inventory."
CLASS-011,A-07,Politicized security-clearance authority,Candidate,1,10,Inventory-only candidate; substantive audit pending,Initial framework and inventory audit,2026-06-24,"Issue is identified in inventory but lacks a developed proposal, source record, remedy analysis, and proposal survey.","Apply issue-admission test and decide whether to develop, merge, or retain as research inventory."
CLASS-012,A-07,Inconsistent accountability for unauthorized retention or disclosure,Candidate,1,10,Inventory-only candidate; substantive audit pending,Initial framework and inventory audit,2026-06-24,"Issue is identified in inventory but lacks a developed proposal, source record, remedy analysis, and proposal survey.","Apply issue-admission test and decide whether to develop, merge, or retain as research inventory."
CIV-001,A-08,Political reclassification of career positions,Candidate,1,10,Inventory-only candidate; substantive audit pending,Initial framework and inventory audit,2026-06-24,"Issue is identified in inventory but lacks a developed proposal, source record, remedy analysis, and proposal survey.","Apply issue-admission test and decide whether to develop, merge, or retain as research inventory."
CIV-002,A-08,Removal or reassignment for disfavored professional judgments,Candidate,1,10,Inventory-only candidate; substantive audit pending,Initial framework and inventory audit,2026-06-24,"Issue is identified in inventory but lacks a developed proposal, source record, remedy analysis, and proposal survey.","Apply issue-admission test and decide whether to develop, merge, or retain as research inventory."
CIV-003,A-08,Loyalty tests and partisan hiring,Candidate,1,10,Inventory-only candidate; substantive audit pending,Initial framework and inventory audit,2026-06-24,"Issue is identified in inventory but lacks a developed proposal, source record, remedy analysis, and proposal survey.","Apply issue-admission test and decide whether to develop, merge, or retain as research inventory."
CIV-004,A-08,Weak protection for refusal of unlawful directives,Candidate,1,10,Inventory-only candidate; substantive audit pending,Initial framework and inventory audit,2026-06-24,"Issue is identified in inventory but lacks a developed proposal, source record, remedy analysis, and proposal survey.","Apply issue-admission test and decide whether to develop, merge, or retain as research inventory."
CIV-005,A-08,Loss of technical and institutional capacity,Candidate,1,10,Inventory-only candidate; substantive audit pending,Initial framework and inventory audit,2026-06-24,"Issue is identified in inventory but lacks a developed proposal, source record, remedy analysis, and proposal survey.","Apply issue-admission test and decide whether to develop, merge, or retain as research inventory."
CIV-006,A-08,Inadequate and delayed personnel remedies,Candidate,1,10,Inventory-only candidate; substantive audit pending,Initial framework and inventory audit,2026-06-24,"Issue is identified in inventory but lacks a developed proposal, source record, remedy analysis, and proposal survey.","Apply issue-admission test and decide whether to develop, merge, or retain as research inventory."
CIV-007,A-08,Politicized promotion and performance systems,Candidate,1,10,Inventory-only candidate; substantive audit pending,Initial framework and inventory audit,2026-06-24,"Issue is identified in inventory but lacks a developed proposal, source record, remedy analysis, and proposal survey.","Apply issue-admission test and decide whether to develop, merge, or retain as research inventory."
CIV-008,A-08,Mass reduction or hollowing of agency capacity,Candidate,1,10,Inventory-only candidate; substantive audit pending,Initial framework and inventory audit,2026-06-24,"Issue is identified in inventory but lacks a developed proposal, source record, remedy analysis, and proposal survey.","Apply issue-admission test and decide whether to develop, merge, or retain as research inventory."
CIV-009,A-08,Repurposed technical units as cross-agency operational control mechanisms,Candidate,1,10,Inventory-only candidate; substantive audit pending,Initial framework and inventory audit,2026-06-24,"Issue is identified in inventory but lacks a developed proposal, source record, remedy analysis, and proposal survey.","Apply issue-admission test and decide whether to develop, merge, or retain as research inventory."
OVS-001,A-09,Removal or intimidation of inspectors general,Candidate,1,10,Inventory-only candidate; substantive audit pending,Initial framework and inventory audit,2026-06-24,"Issue is identified in inventory but lacks a developed proposal, source record, remedy analysis, and proposal survey.","Apply issue-admission test and decide whether to develop, merge, or retain as research inventory."
OVS-002,A-09,Use of acting officials to weaken independence,Candidate,1,10,Inventory-only candidate; substantive audit pending,Initial framework and inventory audit,2026-06-24,"Issue is identified in inventory but lacks a developed proposal, source record, remedy analysis, and proposal survey.","Apply issue-admission test and decide whether to develop, merge, or retain as research inventory."
OVS-003,A-09,"Denial of records, access, or testimony",Candidate,1,10,Inventory-only candidate; substantive audit pending,Initial framework and inventory audit,2026-06-24,"Issue is identified in inventory but lacks a developed proposal, source record, remedy analysis, and proposal survey.","Apply issue-admission test and decide whether to develop, merge, or retain as research inventory."
OVS-004,A-09,Retaliation against whistleblowers,Candidate,1,10,Inventory-only candidate; substantive audit pending,Initial framework and inventory audit,2026-06-24,"Issue is identified in inventory but lacks a developed proposal, source record, remedy analysis, and proposal survey.","Apply issue-admission test and decide whether to develop, merge, or retain as research inventory."
OVS-005,A-09,Suppression or delay of reports,Candidate,1,10,Inventory-only candidate; substantive audit pending,Initial framework and inventory audit,2026-06-24,"Issue is identified in inventory but lacks a developed proposal, source record, remedy analysis, and proposal survey.","Apply issue-admission test and decide whether to develop, merge, or retain as research inventory."
OVS-006,A-09,Inability to enforce recommendations,Candidate,1,10,Inventory-only candidate; substantive audit pending,Initial framework and inventory audit,2026-06-24,"Issue is identified in inventory but lacks a developed proposal, source record, remedy analysis, and proposal survey.","Apply issue-admission test and decide whether to develop, merge, or retain as research inventory."
OVS-007,A-09,Weak congressional notification and follow-up,Candidate,1,10,Inventory-only candidate; substantive audit pending,Initial framework and inventory audit,2026-06-24,"Issue is identified in inventory but lacks a developed proposal, source record, remedy analysis, and proposal survey.","Apply issue-admission test and decide whether to develop, merge, or retain as research inventory."
OVS-008,A-09,Insufficient independence of internal ethics offices,Candidate,1,10,Inventory-only candidate; substantive audit pending,Initial framework and inventory audit,2026-06-24,"Issue is identified in inventory but lacks a developed proposal, source record, remedy analysis, and proposal survey.","Apply issue-admission test and decide whether to develop, merge, or retain as research inventory."
EMERG-001,A-10,Open-ended national-emergency declarations,Candidate,1,10,Inventory-only candidate; substantive audit pending,Initial framework and inventory audit,2026-06-24,"Issue is identified in inventory but lacks a developed proposal, source record, remedy analysis, and proposal survey.","Apply issue-admission test and decide whether to develop, merge, or retain as research inventory."
EMERG-002,A-10,Use of emergency authority to redirect appropriated funds,Candidate,1,10,Inventory-only candidate; substantive audit pending,Initial framework and inventory audit,2026-06-24,"Issue is identified in inventory but lacks a developed proposal, source record, remedy analysis, and proposal survey.","Apply issue-admission test and decide whether to develop, merge, or retain as research inventory."
EMERG-003,A-10,Emergency economic powers used beyond immediate crises,Candidate,1,10,Inventory-only candidate; substantive audit pending,Initial framework and inventory audit,2026-06-24,"Issue is identified in inventory but lacks a developed proposal, source record, remedy analysis, and proposal survey.","Apply issue-admission test and decide whether to develop, merge, or retain as research inventory."
EMERG-004,A-10,Border or immigration emergency declarations,Candidate,1,10,Inventory-only candidate; substantive audit pending,Initial framework and inventory audit,2026-06-24,"Issue is identified in inventory but lacks a developed proposal, source record, remedy analysis, and proposal survey.","Apply issue-admission test and decide whether to develop, merge, or retain as research inventory."
EMERG-005,A-10,Weak congressional termination procedures,Candidate,1,10,Inventory-only candidate; substantive audit pending,Initial framework and inventory audit,2026-06-24,"Issue is identified in inventory but lacks a developed proposal, source record, remedy analysis, and proposal survey.","Apply issue-admission test and decide whether to develop, merge, or retain as research inventory."
EMERG-006,A-10,Indefinite renewal of emergencies,Candidate,1,10,Inventory-only candidate; substantive audit pending,Initial framework and inventory audit,2026-06-24,"Issue is identified in inventory but lacks a developed proposal, source record, remedy analysis, and proposal survey.","Apply issue-admission test and decide whether to develop, merge, or retain as research inventory."
EMERG-007,A-10,Insufficiently specific factual findings,Candidate,1,10,Inventory-only candidate; substantive audit pending,Initial framework and inventory audit,2026-06-24,"Issue is identified in inventory but lacks a developed proposal, source record, remedy analysis, and proposal survey.","Apply issue-admission test and decide whether to develop, merge, or retain as research inventory."
EMERG-008,A-10,Delayed or deferential judicial review,Candidate,1,10,Inventory-only candidate; substantive audit pending,Initial framework and inventory audit,2026-06-24,"Issue is identified in inventory but lacks a developed proposal, source record, remedy analysis, and proposal survey.","Apply issue-admission test and decide whether to develop, merge, or retain as research inventory."
FUND-001,A-11,Unlawful impoundment,Candidate,1,10,Inventory-only candidate; substantive audit pending,Initial framework and inventory audit,2026-06-24,"Issue is identified in inventory but lacks a developed proposal, source record, remedy analysis, and proposal survey.","Apply issue-admission test and decide whether to develop, merge, or retain as research inventory."
FUND-002,A-11,Pocket rescissions and strategic delay,Candidate,1,10,Inventory-only candidate; substantive audit pending,Initial framework and inventory audit,2026-06-24,"Issue is identified in inventory but lacks a developed proposal, source record, remedy analysis, and proposal survey.","Apply issue-admission test and decide whether to develop, merge, or retain as research inventory."
FUND-003,A-11,Agency closure or program nullification through nonspending,Candidate,1,10,Inventory-only candidate; substantive audit pending,Initial framework and inventory audit,2026-06-24,"Issue is identified in inventory but lacks a developed proposal, source record, remedy analysis, and proposal survey.","Apply issue-admission test and decide whether to develop, merge, or retain as research inventory."
FUND-004,A-11,Politically selective withholding of grants or aid,Candidate,1,10,Inventory-only candidate; substantive audit pending,Initial framework and inventory audit,2026-06-24,"Issue is identified in inventory but lacks a developed proposal, source record, remedy analysis, and proposal survey.","Apply issue-admission test and decide whether to develop, merge, or retain as research inventory."
FUND-005,A-11,Reprogramming beyond congressional intent,Candidate,1,10,Inventory-only candidate; substantive audit pending,Initial framework and inventory audit,2026-06-24,"Issue is identified in inventory but lacks a developed proposal, source record, remedy analysis, and proposal survey.","Apply issue-admission test and decide whether to develop, merge, or retain as research inventory."
FUND-006,A-11,Weak standing and remedies,Candidate,1,10,Inventory-only candidate; substantive audit pending,Initial framework and inventory audit,2026-06-24,"Issue is identified in inventory but lacks a developed proposal, source record, remedy analysis, and proposal survey.","Apply issue-admission test and decide whether to develop, merge, or retain as research inventory."
FUND-007,A-11,Insufficient personal accountability,Candidate,1,10,Inventory-only candidate; substantive audit pending,Initial framework and inventory audit,2026-06-24,"Issue is identified in inventory but lacks a developed proposal, source record, remedy analysis, and proposal survey.","Apply issue-admission test and decide whether to develop, merge, or retain as research inventory."
FUND-008,A-11,Inadequate real-time reporting to Congress and GAO,Candidate,1,10,Inventory-only candidate; substantive audit pending,Initial framework and inventory audit,2026-06-24,"Issue is identified in inventory but lacks a developed proposal, source record, remedy analysis, and proposal survey.","Apply issue-admission test and decide whether to develop, merge, or retain as research inventory."
APPT-001,A-12,Excessive reliance on acting officials,Candidate,1,10,Inventory-only candidate; substantive audit pending,Initial framework and inventory audit,2026-06-24,"Issue is identified in inventory but lacks a developed proposal, source record, remedy analysis, and proposal survey.","Apply issue-admission test and decide whether to develop, merge, or retain as research inventory."
APPT-002,A-12,Evasion of the Federal Vacancies Reform Act,Candidate,1,10,Inventory-only candidate; substantive audit pending,Initial framework and inventory audit,2026-06-24,"Issue is identified in inventory but lacks a developed proposal, source record, remedy analysis, and proposal survey.","Apply issue-admission test and decide whether to develop, merge, or retain as research inventory."
APPT-003,A-12,Delegation around expired acting service,Candidate,1,10,Inventory-only candidate; substantive audit pending,Initial framework and inventory audit,2026-06-24,"Issue is identified in inventory but lacks a developed proposal, source record, remedy analysis, and proposal survey.","Apply issue-admission test and decide whether to develop, merge, or retain as research inventory."
APPT-004,A-12,Installation of insufficiently vetted loyalists,Candidate,1,10,Inventory-only candidate; substantive audit pending,Initial framework and inventory audit,2026-06-24,"Issue is identified in inventory but lacks a developed proposal, source record, remedy analysis, and proposal survey.","Apply issue-admission test and decide whether to develop, merge, or retain as research inventory."
APPT-005,A-12,Removal and replacement of confirmed officers,Candidate,1,10,Inventory-only candidate; substantive audit pending,Initial framework and inventory audit,2026-06-24,"Issue is identified in inventory but lacks a developed proposal, source record, remedy analysis, and proposal survey.","Apply issue-admission test and decide whether to develop, merge, or retain as research inventory."
APPT-006,A-12,Manipulation of office titles and duties,Candidate,1,10,Inventory-only candidate; substantive audit pending,Initial framework and inventory audit,2026-06-24,"Issue is identified in inventory but lacks a developed proposal, source record, remedy analysis, and proposal survey.","Apply issue-admission test and decide whether to develop, merge, or retain as research inventory."
APPT-007,A-12,Weak consequences for unlawful service,Candidate,1,10,Inventory-only candidate; substantive audit pending,Initial framework and inventory audit,2026-06-24,"Issue is identified in inventory but lacks a developed proposal, source record, remedy analysis, and proposal survey.","Apply issue-admission test and decide whether to develop, merge, or retain as research inventory."
APPT-008,A-12,Inadequate transparency concerning succession and authority,Candidate,1,10,Inventory-only candidate; substantive audit pending,Initial framework and inventory audit,2026-06-24,"Issue is identified in inventory but lacks a developed proposal, source record, remedy analysis, and proposal survey.","Apply issue-admission test and decide whether to develop, merge, or retain as research inventory."
REC-001,A-13,Removal or concealment of presidential records,Candidate,1,10,Inventory-only candidate; substantive audit pending,Initial framework and inventory audit,2026-06-24,"Issue is identified in inventory but lacks a developed proposal, source record, remedy analysis, and proposal survey.","Apply issue-admission test and decide whether to develop, merge, or retain as research inventory."
REC-002,A-13,Destruction or deletion of records,Candidate,1,10,Inventory-only candidate; substantive audit pending,Initial framework and inventory audit,2026-06-24,"Issue is identified in inventory but lacks a developed proposal, source record, remedy analysis, and proposal survey.","Apply issue-admission test and decide whether to develop, merge, or retain as research inventory."
REC-003,A-13,Use of private messaging or unofficial systems,Candidate,1,10,Inventory-only candidate; substantive audit pending,Initial framework and inventory audit,2026-06-24,"Issue is identified in inventory but lacks a developed proposal, source record, remedy analysis, and proposal survey.","Apply issue-admission test and decide whether to develop, merge, or retain as research inventory."
REC-004,A-13,Weak National Archives enforcement authority,Candidate,1,10,Inventory-only candidate; substantive audit pending,Initial framework and inventory audit,2026-06-24,"Issue is identified in inventory but lacks a developed proposal, source record, remedy analysis, and proposal survey.","Apply issue-admission test and decide whether to develop, merge, or retain as research inventory."
REC-005,A-13,Delayed litigation and recovery,Candidate,1,10,Inventory-only candidate; substantive audit pending,Initial framework and inventory audit,2026-06-24,"Issue is identified in inventory but lacks a developed proposal, source record, remedy analysis, and proposal survey.","Apply issue-admission test and decide whether to develop, merge, or retain as research inventory."
REC-006,A-13,"Preservation of websites, datasets, and digital records",Candidate,1,10,Inventory-only candidate; substantive audit pending,Initial framework and inventory audit,2026-06-24,"Issue is identified in inventory but lacks a developed proposal, source record, remedy analysis, and proposal survey.","Apply issue-admission test and decide whether to develop, merge, or retain as research inventory."
REC-007,A-13,Ambiguous separation of personal and presidential records,Candidate,1,10,Inventory-only candidate; substantive audit pending,Initial framework and inventory audit,2026-06-24,"Issue is identified in inventory but lacks a developed proposal, source record, remedy analysis, and proposal survey.","Apply issue-admission test and decide whether to develop, merge, or retain as research inventory."
REC-008,A-13,Insufficient transition-period custody controls,Candidate,1,10,Inventory-only candidate; substantive audit pending,Initial framework and inventory audit,2026-06-24,"Issue is identified in inventory but lacks a developed proposal, source record, remedy analysis, and proposal survey.","Apply issue-admission test and decide whether to develop, merge, or retain as research inventory."
DOM-001,A-14,Overbroad Insurrection Act authority,Candidate,1,10,Inventory-only candidate; substantive audit pending,Initial framework and inventory audit,2026-06-24,"Issue is identified in inventory but lacks a developed proposal, source record, remedy analysis, and proposal survey.","Apply issue-admission test and decide whether to develop, merge, or retain as research inventory."
DOM-002,A-14,Ambiguity in Posse Comitatus limitations,Candidate,1,10,Inventory-only candidate; substantive audit pending,Initial framework and inventory audit,2026-06-24,"Issue is identified in inventory but lacks a developed proposal, source record, remedy analysis, and proposal survey.","Apply issue-admission test and decide whether to develop, merge, or retain as research inventory."
DOM-003,A-14,Federalization of the National Guard over state objection,Candidate,1,10,Inventory-only candidate; substantive audit pending,Initial framework and inventory audit,2026-06-24,"Issue is identified in inventory but lacks a developed proposal, source record, remedy analysis, and proposal survey.","Apply issue-admission test and decide whether to develop, merge, or retain as research inventory."
DOM-004,A-14,Deployment around protests or elections,Candidate,1,10,Inventory-only candidate; substantive audit pending,Initial framework and inventory audit,2026-06-24,"Issue is identified in inventory but lacks a developed proposal, source record, remedy analysis, and proposal survey.","Apply issue-admission test and decide whether to develop, merge, or retain as research inventory."
DOM-005,A-14,Unidentified or inadequately accountable federal forces,Candidate,1,10,Inventory-only candidate; substantive audit pending,Initial framework and inventory audit,2026-06-24,"Issue is identified in inventory but lacks a developed proposal, source record, remedy analysis, and proposal survey.","Apply issue-admission test and decide whether to develop, merge, or retain as research inventory."
DOM-006,A-14,Federal-property authority used as a pretext for broader operations,Candidate,1,10,Inventory-only candidate; substantive audit pending,Initial framework and inventory audit,2026-06-24,"Issue is identified in inventory but lacks a developed proposal, source record, remedy analysis, and proposal survey.","Apply issue-admission test and decide whether to develop, merge, or retain as research inventory."
DOM-007,A-14,Domestic military intelligence activity,Candidate,1,10,Inventory-only candidate; substantive audit pending,Initial framework and inventory audit,2026-06-24,"Issue is identified in inventory but lacks a developed proposal, source record, remedy analysis, and proposal survey.","Apply issue-admission test and decide whether to develop, merge, or retain as research inventory."
DOM-008,A-14,Insufficient expedited judicial review,Candidate,1,10,Inventory-only candidate; substantive audit pending,Initial framework and inventory audit,2026-06-24,"Issue is identified in inventory but lacks a developed proposal, source record, remedy analysis, and proposal survey.","Apply issue-admission test and decide whether to develop, merge, or retain as research inventory."
CONG-001,A-15,Weak enforcement of congressional subpoenas,Candidate,1,10,Inventory-only candidate; substantive audit pending,Initial framework and inventory audit,2026-06-24,"Issue is identified in inventory but lacks a developed proposal, source record, remedy analysis, and proposal survey.","Apply issue-admission test and decide whether to develop, merge, or retain as research inventory."
CONG-002,A-15,Overbroad executive-privilege claims,Candidate,1,10,Inventory-only candidate; substantive audit pending,Initial framework and inventory audit,2026-06-24,"Issue is identified in inventory but lacks a developed proposal, source record, remedy analysis, and proposal survey.","Apply issue-admission test and decide whether to develop, merge, or retain as research inventory."
CONG-003,A-15,Claims of testimonial immunity,Candidate,1,10,Inventory-only candidate; substantive audit pending,Initial framework and inventory audit,2026-06-24,"Issue is identified in inventory but lacks a developed proposal, source record, remedy analysis, and proposal survey.","Apply issue-admission test and decide whether to develop, merge, or retain as research inventory."
CONG-004,A-15,Delay through litigation,Candidate,1,10,Inventory-only candidate; substantive audit pending,Initial framework and inventory audit,2026-06-24,"Issue is identified in inventory but lacks a developed proposal, source record, remedy analysis, and proposal survey.","Apply issue-admission test and decide whether to develop, merge, or retain as research inventory."
CONG-005,A-15,Contempt referrals dependent on DOJ,Candidate,1,10,Inventory-only candidate; substantive audit pending,Initial framework and inventory audit,2026-06-24,"Issue is identified in inventory but lacks a developed proposal, source record, remedy analysis, and proposal survey.","Apply issue-admission test and decide whether to develop, merge, or retain as research inventory."
CONG-006,A-15,Lack of expedited judicial review,Candidate,1,10,Inventory-only candidate; substantive audit pending,Initial framework and inventory audit,2026-06-24,"Issue is identified in inventory but lacks a developed proposal, source record, remedy analysis, and proposal survey.","Apply issue-admission test and decide whether to develop, merge, or retain as research inventory."
CONG-007,A-15,Weak committee investigative capacity,Candidate,1,10,Inventory-only candidate; substantive audit pending,Initial framework and inventory audit,2026-06-24,"Issue is identified in inventory but lacks a developed proposal, source record, remedy analysis, and proposal survey.","Apply issue-admission test and decide whether to develop, merge, or retain as research inventory."
CONG-008,A-15,Partisan collapse of oversight under unified government,Candidate,1,10,Inventory-only candidate; substantive audit pending,Initial framework and inventory audit,2026-06-24,"Issue is identified in inventory but lacks a developed proposal, source record, remedy analysis, and proposal survey.","Apply issue-admission test and decide whether to develop, merge, or retain as research inventory."
IMM-001,A-16,Criminal Immunity for Presidential Official Acts,Developed,1,60,Structural audit complete; advanced audits pending,Initial framework and inventory audit,2026-06-24,"Issue has a developed page and linked legislation path, and has passed current structural inventory review; source, legal-fit, prior-proposal, and adoption audits remain incomplete.","Complete source verification, existing-law fit, prior-proposal survey, political-language neutrality, coalition-appeal, and implementation-risk audits."
IMM-002,A-16,Civil immunity and remedial gaps,Candidate,1,10,Inventory-only candidate; substantive audit pending,Initial framework and inventory audit,2026-06-24,"Issue is identified in inventory but lacks a developed proposal, source record, remedy analysis, and proposal survey.","Apply issue-admission test and decide whether to develop, merge, or retain as research inventory."
IMM-003,A-16,Statutes of limitation during presidential tenure,Candidate,1,10,Inventory-only candidate; substantive audit pending,Initial framework and inventory audit,2026-06-24,"Issue is identified in inventory but lacks a developed proposal, source record, remedy analysis, and proposal survey.","Apply issue-admission test and decide whether to develop, merge, or retain as research inventory."
IMM-004,A-16,Restrictions on evidentiary use of official conduct,Candidate,1,10,Inventory-only candidate; substantive audit pending,Initial framework and inventory audit,2026-06-24,"Issue is identified in inventory but lacks a developed proposal, source record, remedy analysis, and proposal survey.","Apply issue-admission test and decide whether to develop, merge, or retain as research inventory."
IMM-005,A-16,Delay as de facto immunity,Candidate,1,10,Inventory-only candidate; substantive audit pending,Initial framework and inventory audit,2026-06-24,"Issue is identified in inventory but lacks a developed proposal, source record, remedy analysis, and proposal survey.","Apply issue-admission test and decide whether to develop, merge, or retain as research inventory."
IMM-006,A-16,Relationship between impeachment and criminal liability,Candidate,1,10,Inventory-only candidate; substantive audit pending,Initial framework and inventory audit,2026-06-24,"Issue is identified in inventory but lacks a developed proposal, source record, remedy analysis, and proposal survey.","Apply issue-admission test and decide whether to develop, merge, or retain as research inventory."
IMM-007,A-16,Self-protective use of presidential powers,Candidate,1,10,Inventory-only candidate; substantive audit pending,Initial framework and inventory audit,2026-06-24,"Issue is identified in inventory but lacks a developed proposal, source record, remedy analysis, and proposal survey.","Apply issue-admission test and decide whether to develop, merge, or retain as research inventory."
IMM-008,A-16,Independent investigation and prosecution mechanisms,Candidate,1,10,Inventory-only candidate; substantive audit pending,Initial framework and inventory audit,2026-06-24,"Issue is identified in inventory but lacks a developed proposal, source record, remedy analysis, and proposal survey.","Apply issue-admission test and decide whether to develop, merge, or retain as research inventory."
REG-001,A-17,Erosion of removal protections,Candidate,1,10,Inventory-only candidate; substantive audit pending,Initial framework and inventory audit,2026-06-24,"Issue is identified in inventory but lacks a developed proposal, source record, remedy analysis, and proposal survey.","Apply issue-admission test and decide whether to develop, merge, or retain as research inventory."
REG-002,A-17,Politicized enforcement or nonenforcement,Candidate,1,10,Inventory-only candidate; substantive audit pending,Initial framework and inventory audit,2026-06-24,"Issue is identified in inventory but lacks a developed proposal, source record, remedy analysis, and proposal survey.","Apply issue-admission test and decide whether to develop, merge, or retain as research inventory."
REG-003,A-17,Control of administrative adjudication,Candidate,1,10,Inventory-only candidate; substantive audit pending,Initial framework and inventory audit,2026-06-24,"Issue is identified in inventory but lacks a developed proposal, source record, remedy analysis, and proposal survey.","Apply issue-admission test and decide whether to develop, merge, or retain as research inventory."
REG-004,A-17,Suspension or dismantling of agency operations,Candidate,1,10,Inventory-only candidate; substantive audit pending,Initial framework and inventory audit,2026-06-24,"Issue is identified in inventory but lacks a developed proposal, source record, remedy analysis, and proposal survey.","Apply issue-admission test and decide whether to develop, merge, or retain as research inventory."
REG-005,A-17,Manipulation of commissions through vacancies,Candidate,1,10,Inventory-only candidate; substantive audit pending,Initial framework and inventory audit,2026-06-24,"Issue is identified in inventory but lacks a developed proposal, source record, remedy analysis, and proposal survey.","Apply issue-admission test and decide whether to develop, merge, or retain as research inventory."
REG-006,A-17,Presidential control of rulemaking and legal positions,Candidate,1,10,Inventory-only candidate; substantive audit pending,Initial framework and inventory audit,2026-06-24,"Issue is identified in inventory but lacks a developed proposal, source record, remedy analysis, and proposal survey.","Apply issue-admission test and decide whether to develop, merge, or retain as research inventory."
REG-007,A-17,Threats to independent funding,Candidate,1,10,Inventory-only candidate; substantive audit pending,Initial framework and inventory audit,2026-06-24,"Issue is identified in inventory but lacks a developed proposal, source record, remedy analysis, and proposal survey.","Apply issue-admission test and decide whether to develop, merge, or retain as research inventory."
REG-008,A-17,Unclear constitutional design options after recent doctrine,Candidate,1,10,Inventory-only candidate; substantive audit pending,Initial framework and inventory audit,2026-06-24,"Issue is identified in inventory but lacks a developed proposal, source record, remedy analysis, and proposal survey.","Apply issue-admission test and decide whether to develop, merge, or retain as research inventory."
FACT-001,A-18,Political review or alteration of scientific reports,Candidate,1,10,Inventory-only candidate; substantive audit pending,Initial framework and inventory audit,2026-06-24,"Issue is identified in inventory but lacks a developed proposal, source record, remedy analysis, and proposal survey.","Apply issue-admission test and decide whether to develop, merge, or retain as research inventory."
FACT-002,A-18,Removal or suppression of datasets,Candidate,1,10,Inventory-only candidate; substantive audit pending,Initial framework and inventory audit,2026-06-24,"Issue is identified in inventory but lacks a developed proposal, source record, remedy analysis, and proposal survey.","Apply issue-admission test and decide whether to develop, merge, or retain as research inventory."
FACT-003,A-18,Manipulation of publication schedules,Candidate,1,10,Inventory-only candidate; substantive audit pending,Initial framework and inventory audit,2026-06-24,"Issue is identified in inventory but lacks a developed proposal, source record, remedy analysis, and proposal survey.","Apply issue-admission test and decide whether to develop, merge, or retain as research inventory."
FACT-004,A-18,Interference with statistical agencies,Candidate,1,10,Inventory-only candidate; substantive audit pending,Initial framework and inventory audit,2026-06-24,"Issue is identified in inventory but lacks a developed proposal, source record, remedy analysis, and proposal survey.","Apply issue-admission test and decide whether to develop, merge, or retain as research inventory."
FACT-005,A-18,Censorship of agency terminology,Candidate,1,10,Inventory-only candidate; substantive audit pending,Initial framework and inventory audit,2026-06-24,"Issue is identified in inventory but lacks a developed proposal, source record, remedy analysis, and proposal survey.","Apply issue-admission test and decide whether to develop, merge, or retain as research inventory."
FACT-006,A-18,Suppression of unfavorable findings,Candidate,1,10,Inventory-only candidate; substantive audit pending,Initial framework and inventory audit,2026-06-24,"Issue is identified in inventory but lacks a developed proposal, source record, remedy analysis, and proposal survey.","Apply issue-admission test and decide whether to develop, merge, or retain as research inventory."
FACT-007,A-18,Political alteration of historical presentation,Candidate,1,10,Inventory-only candidate; substantive audit pending,Initial framework and inventory audit,2026-06-24,"Issue is identified in inventory but lacks a developed proposal, source record, remedy analysis, and proposal survey.","Apply issue-admission test and decide whether to develop, merge, or retain as research inventory."
FACT-008,A-18,Insufficient independent archival preservation and methodology protection,Candidate,1,10,Inventory-only candidate; substantive audit pending,Initial framework and inventory audit,2026-06-24,"Issue is identified in inventory but lacks a developed proposal, source record, remedy analysis, and proposal survey.","Apply issue-admission test and decide whether to develop, merge, or retain as research inventory."
RET-001,A-19,Politically motivated grant cancellation or withholding,Candidate,1,10,Inventory-only candidate; substantive audit pending,Initial framework and inventory audit,2026-06-24,"Issue is identified in inventory but lacks a developed proposal, source record, remedy analysis, and proposal survey.","Apply issue-admission test and decide whether to develop, merge, or retain as research inventory."
RET-002,A-19,Contracting favoritism or retaliation,Candidate,1,10,Inventory-only candidate; substantive audit pending,Initial framework and inventory audit,2026-06-24,"Issue is identified in inventory but lacks a developed proposal, source record, remedy analysis, and proposal survey.","Apply issue-admission test and decide whether to develop, merge, or retain as research inventory."
RET-003,A-19,Selective regulatory scrutiny,Candidate,1,10,Inventory-only candidate; substantive audit pending,Initial framework and inventory audit,2026-06-24,"Issue is identified in inventory but lacks a developed proposal, source record, remedy analysis, and proposal survey.","Apply issue-admission test and decide whether to develop, merge, or retain as research inventory."
RET-004,A-19,Licensing or approval pressure,Candidate,1,10,Inventory-only candidate; substantive audit pending,Initial framework and inventory audit,2026-06-24,"Issue is identified in inventory but lacks a developed proposal, source record, remedy analysis, and proposal survey.","Apply issue-admission test and decide whether to develop, merge, or retain as research inventory."
RET-005,A-19,"Antitrust, tax, or enforcement coercion",Candidate,1,10,Inventory-only candidate; substantive audit pending,Initial framework and inventory audit,2026-06-24,"Issue is identified in inventory but lacks a developed proposal, source record, remedy analysis, and proposal survey.","Apply issue-admission test and decide whether to develop, merge, or retain as research inventory."
RET-006,A-19,"Retaliation against universities, law firms, media, or businesses",Candidate,1,10,Inventory-only candidate; substantive audit pending,Initial framework and inventory audit,2026-06-24,"Issue is identified in inventory but lacks a developed proposal, source record, remedy analysis, and proposal survey.","Apply issue-admission test and decide whether to develop, merge, or retain as research inventory."
RET-007,A-19,Security-clearance or access retaliation,Candidate,1,10,Inventory-only candidate; substantive audit pending,Initial framework and inventory audit,2026-06-24,"Issue is identified in inventory but lacks a developed proposal, source record, remedy analysis, and proposal survey.","Apply issue-admission test and decide whether to develop, merge, or retain as research inventory."
RET-008,A-19,Weak emergency remedies and evidentiary transparency,Candidate,1,10,Inventory-only candidate; substantive audit pending,Initial framework and inventory audit,2026-06-24,"Issue is identified in inventory but lacks a developed proposal, source record, remedy analysis, and proposal survey.","Apply issue-admission test and decide whether to develop, merge, or retain as research inventory."
FED-001,A-20,Conditioning disaster or infrastructure aid,Candidate,1,10,Inventory-only candidate; substantive audit pending,Initial framework and inventory audit,2026-06-24,"Issue is identified in inventory but lacks a developed proposal, source record, remedy analysis, and proposal survey.","Apply issue-admission test and decide whether to develop, merge, or retain as research inventory."
FED-002,A-20,Selective enforcement against disfavored states,Candidate,1,10,Inventory-only candidate; substantive audit pending,Initial framework and inventory audit,2026-06-24,"Issue is identified in inventory but lacks a developed proposal, source record, remedy analysis, and proposal survey.","Apply issue-admission test and decide whether to develop, merge, or retain as research inventory."
FED-003,A-20,Coercive grant conditions,Candidate,1,10,Inventory-only candidate; substantive audit pending,Initial framework and inventory audit,2026-06-24,"Issue is identified in inventory but lacks a developed proposal, source record, remedy analysis, and proposal survey.","Apply issue-admission test and decide whether to develop, merge, or retain as research inventory."
FED-004,A-20,Federal takeover or displacement of state functions,Candidate,1,10,Inventory-only candidate; substantive audit pending,Initial framework and inventory audit,2026-06-24,"Issue is identified in inventory but lacks a developed proposal, source record, remedy analysis, and proposal survey.","Apply issue-admission test and decide whether to develop, merge, or retain as research inventory."
FED-005,A-20,Deployment of federal forces over state objection,Candidate,1,10,Inventory-only candidate; substantive audit pending,Initial framework and inventory audit,2026-06-24,"Issue is identified in inventory but lacks a developed proposal, source record, remedy analysis, and proposal survey.","Apply issue-admission test and decide whether to develop, merge, or retain as research inventory."
FED-006,A-20,Interference with state election systems,Candidate,1,10,Inventory-only candidate; substantive audit pending,Initial framework and inventory audit,2026-06-24,"Issue is identified in inventory but lacks a developed proposal, source record, remedy analysis, and proposal survey.","Apply issue-admission test and decide whether to develop, merge, or retain as research inventory."
FED-007,A-20,Retaliatory investigations or audits,Candidate,1,10,Inventory-only candidate; substantive audit pending,Initial framework and inventory audit,2026-06-24,"Issue is identified in inventory but lacks a developed proposal, source record, remedy analysis, and proposal survey.","Apply issue-admission test and decide whether to develop, merge, or retain as research inventory."
FED-008,A-20,Abuse of waiver and approval authority,Candidate,1,10,Inventory-only candidate; substantive audit pending,Initial framework and inventory audit,2026-06-24,"Issue is identified in inventory but lacks a developed proposal, source record, remedy analysis, and proposal survey.","Apply issue-admission test and decide whether to develop, merge, or retain as research inventory."
FRB-001,A-21,Presidential pressure on interest-rate and monetary-policy decisions,Candidate,1,10,Inventory-only candidate; substantive audit pending,Initial framework and inventory audit,2026-06-24,"Issue is identified in inventory but lacks a developed proposal, source record, remedy analysis, and proposal survey.","Apply issue-admission test and decide whether to develop, merge, or retain as research inventory."
FRB-002,A-21,Uncertain removal protection for Federal Reserve governors and leadership,Candidate,1,10,Inventory-only candidate; substantive audit pending,Initial framework and inventory audit,2026-06-24,"Issue is identified in inventory but lacks a developed proposal, source record, remedy analysis, and proposal survey.","Apply issue-admission test and decide whether to develop, merge, or retain as research inventory."
FRB-003,A-21,Politicized appointments and confirmations,Candidate,1,10,Inventory-only candidate; substantive audit pending,Initial framework and inventory audit,2026-06-24,"Issue is identified in inventory but lacks a developed proposal, source record, remedy analysis, and proposal survey.","Apply issue-admission test and decide whether to develop, merge, or retain as research inventory."
FRB-004,A-21,Manipulation through vacancies,Candidate,1,10,Inventory-only candidate; substantive audit pending,Initial framework and inventory audit,2026-06-24,"Issue is identified in inventory but lacks a developed proposal, source record, remedy analysis, and proposal survey.","Apply issue-admission test and decide whether to develop, merge, or retain as research inventory."
FRB-005,A-21,Threats to financing and operational independence,Candidate,1,10,Inventory-only candidate; substantive audit pending,Initial framework and inventory audit,2026-06-24,"Issue is identified in inventory but lacks a developed proposal, source record, remedy analysis, and proposal survey.","Apply issue-admission test and decide whether to develop, merge, or retain as research inventory."
FRB-006,A-21,Political retaliation against Federal Reserve officials,Candidate,1,10,Inventory-only candidate; substantive audit pending,Initial framework and inventory audit,2026-06-24,"Issue is identified in inventory but lacks a developed proposal, source record, remedy analysis, and proposal survey.","Apply issue-admission test and decide whether to develop, merge, or retain as research inventory."
FRB-007,A-21,Pre-election monetary manipulation,Candidate,1,10,Inventory-only candidate; substantive audit pending,Initial framework and inventory audit,2026-06-24,"Issue is identified in inventory but lacks a developed proposal, source record, remedy analysis, and proposal survey.","Apply issue-admission test and decide whether to develop, merge, or retain as research inventory."
FRB-008,A-21,Preservation of accountability alongside instrument independence,Candidate,1,10,Inventory-only candidate; substantive audit pending,Initial framework and inventory audit,2026-06-24,"Issue is identified in inventory but lacks a developed proposal, source record, remedy analysis, and proposal survey.","Apply issue-admission test and decide whether to develop, merge, or retain as research inventory."
PRESS-001,A-22,Retaliatory denial of access,Candidate,1,10,Inventory-only candidate; substantive audit pending,Initial framework and inventory audit,2026-06-24,"Issue is identified in inventory but lacks a developed proposal, source record, remedy analysis, and proposal survey.","Apply issue-admission test and decide whether to develop, merge, or retain as research inventory."
PRESS-002,A-22,Selective exclusion from government events and information,Candidate,1,10,Inventory-only candidate; substantive audit pending,Initial framework and inventory audit,2026-06-24,"Issue is identified in inventory but lacks a developed proposal, source record, remedy analysis, and proposal survey.","Apply issue-admission test and decide whether to develop, merge, or retain as research inventory."
PRESS-003,A-22,"Misuse of investigations, subpoenas, surveillance, or source demands",Candidate,1,10,Inventory-only candidate; substantive audit pending,Initial framework and inventory audit,2026-06-24,"Issue is identified in inventory but lacks a developed proposal, source record, remedy analysis, and proposal survey.","Apply issue-admission test and decide whether to develop, merge, or retain as research inventory."
PRESS-004,A-22,Regulatory retaliation,Candidate,1,10,Inventory-only candidate; substantive audit pending,Initial framework and inventory audit,2026-06-24,"Issue is identified in inventory but lacks a developed proposal, source record, remedy analysis, and proposal survey.","Apply issue-admission test and decide whether to develop, merge, or retain as research inventory."
PRESS-005,A-22,Contracting and commercial pressure,Candidate,1,10,Inventory-only candidate; substantive audit pending,Initial framework and inventory audit,2026-06-24,"Issue is identified in inventory but lacks a developed proposal, source record, remedy analysis, and proposal survey.","Apply issue-admission test and decide whether to develop, merge, or retain as research inventory."
PRESS-006,A-22,Misuse of official power to threaten or punish reporting,Candidate,1,10,Inventory-only candidate; substantive audit pending,Initial framework and inventory audit,2026-06-24,"Issue is identified in inventory but lacks a developed proposal, source record, remedy analysis, and proposal survey.","Apply issue-admission test and decide whether to develop, merge, or retain as research inventory."
PRESS-007,A-22,Manipulation of the factual record,Candidate,1,10,Inventory-only candidate; substantive audit pending,Initial framework and inventory audit,2026-06-24,"Issue is identified in inventory but lacks a developed proposal, source record, remedy analysis, and proposal survey.","Apply issue-admission test and decide whether to develop, merge, or retain as research inventory."
PRESS-008,A-22,Delegitimization combined with governmental coercive power,Candidate,1,10,Inventory-only candidate; substantive audit pending,Initial framework and inventory audit,2026-06-24,"Issue is identified in inventory but lacks a developed proposal, source record, remedy analysis, and proposal survey.","Apply issue-admission test and decide whether to develop, merge, or retain as research inventory."
PRESS-009,A-22,Weak protection for confidential sources,Candidate,1,10,Inventory-only candidate; substantive audit pending,Initial framework and inventory audit,2026-06-24,"Issue is identified in inventory but lacks a developed proposal, source record, remedy analysis, and proposal survey.","Apply issue-admission test and decide whether to develop, merge, or retain as research inventory."
PRESS-010,A-22,Public-broadcasting and funding retaliation,Candidate,1,10,Inventory-only candidate; substantive audit pending,Initial framework and inventory audit,2026-06-24,"Issue is identified in inventory but lacks a developed proposal, source record, remedy analysis, and proposal survey.","Apply issue-admission test and decide whether to develop, merge, or retain as research inventory."
PRESS-011,A-22,Discriminatory taxation or financial burdens,Candidate,1,10,Inventory-only candidate; substantive audit pending,Initial framework and inventory audit,2026-06-24,"Issue is identified in inventory but lacks a developed proposal, source record, remedy analysis, and proposal survey.","Apply issue-admission test and decide whether to develop, merge, or retain as research inventory."
PRESS-012,A-22,Lack of rapid remedies for time-sensitive press disputes,Candidate,1,10,Inventory-only candidate; substantive audit pending,Initial framework and inventory audit,2026-06-24,"Issue is identified in inventory but lacks a developed proposal, source record, remedy analysis, and proposal survey.","Apply issue-admission test and decide whether to develop, merge, or retain as research inventory."
HER-001,A-23,Unilateral alteration or demolition of the White House and other nationally significant federal historic property,Candidate,1,10,Inventory-only candidate; substantive audit pending,Initial framework and inventory audit,2026-06-24,"Issue is identified in inventory but lacks a developed proposal, source record, remedy analysis, and proposal survey.","Apply issue-admission test and decide whether to develop, merge, or retain as research inventory."
HER-002,A-23,"Bypass of historic-preservation, planning, arts-commission, environmental, or public-comment review",Candidate,1,10,Inventory-only candidate; substantive audit pending,Initial framework and inventory audit,2026-06-24,"Issue is identified in inventory but lacks a developed proposal, source record, remedy analysis, and proposal survey.","Apply issue-admission test and decide whether to develop, merge, or retain as research inventory."
HER-003,A-23,Privately funded or donor-influenced alteration of federal civic property,Candidate,1,10,Inventory-only candidate; substantive audit pending,Initial framework and inventory audit,2026-06-24,"Issue is identified in inventory but lacks a developed proposal, source record, remedy analysis, and proposal survey.","Apply issue-admission test and decide whether to develop, merge, or retain as research inventory."
HER-004,A-23,"Manipulation of planning, preservation, or fine-arts review bodies",Candidate,1,10,Inventory-only candidate; substantive audit pending,Initial framework and inventory audit,2026-06-24,"Issue is identified in inventory but lacks a developed proposal, source record, remedy analysis, and proposal survey.","Apply issue-admission test and decide whether to develop, merge, or retain as research inventory."
HER-005,A-23,"Security, emergency, or operational-necessity claims used to evade ordinary civic-heritage safeguards",Candidate,1,10,Inventory-only candidate; substantive audit pending,Initial framework and inventory audit,2026-06-24,"Issue is identified in inventory but lacks a developed proposal, source record, remedy analysis, and proposal survey.","Apply issue-admission test and decide whether to develop, merge, or retain as research inventory."
HER-006,A-23,"Removal or alteration of commemorative landscapes, trees, interiors, fixtures, and interpretive features",Candidate,1,10,Inventory-only candidate; substantive audit pending,Initial framework and inventory audit,2026-06-24,"Issue is identified in inventory but lacks a developed proposal, source record, remedy analysis, and proposal survey.","Apply issue-admission test and decide whether to develop, merge, or retain as research inventory."
HER-007,A-23,"Insufficient notice, documentation, public review, and congressional consultation before irreversible work",Candidate,1,10,Inventory-only candidate; substantive audit pending,Initial framework and inventory audit,2026-06-24,"Issue is identified in inventory but lacks a developed proposal, source record, remedy analysis, and proposal survey.","Apply issue-admission test and decide whether to develop, merge, or retain as research inventory."
HER-008,A-23,"Weak remedies after demolition, construction, donor expenditure, or physical alteration is substantially complete",Candidate,1,10,Inventory-only candidate; substantive audit pending,Initial framework and inventory audit,2026-06-24,"Issue is identified in inventory but lacks a developed proposal, source record, remedy analysis, and proposal survey.","Apply issue-admission test and decide whether to develop, merge, or retain as research inventory."
