GitHub Number,GitHub Issue,Object ID,Kind,GitHub Title,Canonical Record,Parent GitHub Number
1,https://github.com/Thorncrag/ARRP/issues/1,,governance,Review and develop all undeveloped issues,areas/README.md,7
6,https://github.com/Thorncrag/ARRP/issues/6,,governance,Conduct cross-proposal unitary-executive review,,7
7,https://github.com/Thorncrag/ARRP/issues/7,,governance,Pre-publication final audit,,
8,https://github.com/Thorncrag/ARRP/issues/8,,governance,Project 2025 — ARRP Topic Guide and Crosswalk,topics/project-2025.md,7
9,https://github.com/Thorncrag/ARRP/issues/9,,governance,Pre-publication technical,,
10,https://github.com/Thorncrag/ARRP/issues/10,,governance,Implement release-ready PDF/DOCX export,,9
11,https://github.com/Thorncrag/ARRP/issues/11,,governance,Improve GitHub/web navigation and project table of contents,README.md,9
12,https://github.com/Thorncrag/ARRP/issues/12,,governance,Select public reuse license,LICENSE.md,9
14,https://github.com/Thorncrag/ARRP/issues/14,,governance,Review and resolve horizon proposals,framework/HORIZON_SCAN_LOG.md,
15,https://github.com/Thorncrag/ARRP/issues/15,HOR-010,horizon,HOR-010: Immigration-courthouse arrests and courthouse-access chilling,framework/HORIZON_SCAN_LOG.md,
16,https://github.com/Thorncrag/ARRP/issues/16,HOR-018,horizon,HOR-018: Agency-continuity and executive anti-nullification review [Integrated into REG-001],framework/HORIZON_SCAN_LOG.md,
17,https://github.com/Thorncrag/ARRP/issues/17,HOR-019,horizon,HOR-019: Supreme Court structure and legitimacy review,framework/HORIZON_SCAN_LOG.md,
18,https://github.com/Thorncrag/ARRP/issues/18,HOR-020,horizon,HOR-020: District of Columbia statehood and home-rule review [Outside scope],framework/HORIZON_SCAN_LOG.md,
19,https://github.com/Thorncrag/ARRP/issues/19,HOR-021,horizon,HOR-021: Puerto Rico status and democratic representation review [Outside scope],framework/HORIZON_SCAN_LOG.md,
20,https://github.com/Thorncrag/ARRP/issues/20,HOR-022,horizon,HOR-022: Qualified immunity and constitutional-remedies review,framework/HORIZON_SCAN_LOG.md,
21,https://github.com/Thorncrag/ARRP/issues/21,,governance,Complete proposal issue import from ledger,,
22,https://github.com/Thorncrag/ARRP/issues/22,DOJ-001,proposal,DOJ-001: Recent Presidential Personal Counsel in Senior DOJ Leadership,areas/DOJ/issues/DOJ-001.md,
23,https://github.com/Thorncrag/ARRP/issues/23,DOJ-002,proposal,DOJ-002: White House Direction or Interference in Particular Federal Criminal Matters,areas/DOJ/issues/DOJ-002.md,
24,https://github.com/Thorncrag/ARRP/issues/24,DOJ-003,proposal,"DOJ-003: Politically Selective Enforcement, Charging, and Favoritism",areas/DOJ/issues/DOJ-003.md,
25,https://github.com/Thorncrag/ARRP/issues/25,DOJ-004,proposal,DOJ-004: Protection of Career DOJ Personnel from Politically Motivated Removal or Reassignment,areas/DOJ/issues/DOJ-004.md,
26,https://github.com/Thorncrag/ARRP/issues/26,DOJ-005,proposal,DOJ-005: Weak Enforcement and Internal Control of DOJ Recusal Duties,areas/DOJ/issues/DOJ-005.md,
27,https://github.com/Thorncrag/ARRP/issues/27,DOJ-007,proposal,DOJ-007: Independent Investigation of Presidential and Senior Executive Misconduct,areas/DOJ/issues/DOJ-007.md,
28,https://github.com/Thorncrag/ARRP/issues/28,DOJ-009,proposal,DOJ-009: Insufficient Professional-Qualification Requirements for Senior DOJ Leadership,areas/DOJ/issues/DOJ-009.md,
29,https://github.com/Thorncrag/ARRP/issues/29,ELEC-001,proposal,ELEC-001: Federal Executive Interference with State and Local Election Administration,areas/ELEC/issues/ELEC-001.md,
30,https://github.com/Thorncrag/ARRP/issues/30,ELEC-002,proposal,ELEC-002: Pressure on Certification and Canvassing Officials,areas/ELEC/issues/ELEC-002.md,
31,https://github.com/Thorncrag/ARRP/issues/31,ELEC-003,proposal,ELEC-003: Insufficient Protection for Election Workers and Officials,areas/ELEC/issues/ELEC-003.md,
32,https://github.com/Thorncrag/ARRP/issues/32,ELEC-004,proposal,ELEC-004: Abuse of Election Litigation and Civil Process,areas/ELEC/issues/ELEC-004.md,
33,https://github.com/Thorncrag/ARRP/issues/33,ELEC-005,proposal,ELEC-005: Weak Safeguards Against False Presidential Result-Transmission Documents,areas/ELEC/issues/ELEC-005.md,
34,https://github.com/Thorncrag/ARRP/issues/34,ELEC-006,proposal,ELEC-006: Insufficiently Automatic Presidential-Transition Procedures,areas/ELEC/issues/ELEC-006.md,
35,https://github.com/Thorncrag/ARRP/issues/35,ELEC-007,proposal,ELEC-007: Improper Federal-Force Presence in Election Administration,areas/ELEC/issues/ELEC-007.md,
36,https://github.com/Thorncrag/ARRP/issues/36,ELEC-008,proposal,ELEC-008: Accountability for Coordinated Federal Election-Subversion Schemes,areas/ELEC/issues/ELEC-008.md,
37,https://github.com/Thorncrag/ARRP/issues/37,ELEC-009,proposal,ELEC-009: Electoral College Structure and National Popular Vote,areas/ELEC/issues/ELEC-009.md,
38,https://github.com/Thorncrag/ARRP/issues/38,ELEC-010,proposal,"ELEC-010: Mail-In Voting Access, Reliability, and Trust",areas/ELEC/issues/ELEC-010.md,
39,https://github.com/Thorncrag/ARRP/issues/39,ELEC-011,proposal,ELEC-011: Algorithmic Redistricting Baseline and Representation Safeguards,areas/ELEC/issues/ELEC-011.md,
40,https://github.com/Thorncrag/ARRP/issues/40,ELEC-012,proposal,"ELEC-012: Campaign Finance, Dark Money, and Corporate Political Spending",areas/ELEC/issues/ELEC-012.md,
41,https://github.com/Thorncrag/ARRP/issues/41,ELEC-013,proposal,"ELEC-013: Federal Candidate Access, Ballot Access, and Debate Gatekeeping",areas/ELEC/issues/ELEC-013.md,
42,https://github.com/Thorncrag/ARRP/issues/42,WAR-001,proposal,WAR-001: Comprehensive War Powers and Use-of-Force Authorization Reform,areas/WAR/issues/WAR-001.md,
43,https://github.com/Thorncrag/ARRP/issues/43,JUD-001,proposal,JUD-001: Executive Dependence of Judicial Enforcement,areas/JUD/issues/JUD-001.md,
44,https://github.com/Thorncrag/ARRP/issues/44,JUD-005,proposal,JUD-005: No Automatic Public Notice of Executive Noncompliance,areas/JUD/issues/JUD-005.md,
45,https://github.com/Thorncrag/ARRP/issues/45,JUD-007,proposal,"JUD-007: Evasion through substitution, reorganization, or nominally revised directives",areas/JUD/README.md,
46,https://github.com/Thorncrag/ARRP/issues/46,JUD-008,proposal,JUD-008: Insufficient transparency and verification regarding compliance,areas/JUD/README.md,
47,https://github.com/Thorncrag/ARRP/issues/47,JUD-009,proposal,JUD-009: Appointer-President Recusal,areas/JUD/issues/JUD-009.md,
48,https://github.com/Thorncrag/ARRP/issues/48,JUD-010,proposal,"JUD-010: Judicial Branch Capacity, Funding, and Emergency Docket Resilience",areas/JUD/README.md,
49,https://github.com/Thorncrag/ARRP/issues/49,PAR-001,proposal,"PAR-001: Corrupt, Self-Protective, and Politically Abusive Clemency",areas/PAR/README.md,
50,https://github.com/Thorncrag/ARRP/issues/50,PAR-002,merged proposal,PAR-002: Obstruction or witness inducement [Merged into PAR-001],areas/PAR/README.md,
51,https://github.com/Thorncrag/ARRP/issues/51,PAR-003,merged proposal,"PAR-003: Sale, brokerage, or monetization of pardons [Merged into PAR-001]",areas/PAR/README.md,
52,https://github.com/Thorncrag/ARRP/issues/52,PAR-004,merged proposal,PAR-004: Pardons benefiting the president or presidential interests [Merged into PAR-001],areas/PAR/README.md,
53,https://github.com/Thorncrag/ARRP/issues/53,PAR-005,proposal,PAR-005: Self-pardon uncertainty,areas/PAR/README.md,
54,https://github.com/Thorncrag/ARRP/issues/54,PAR-006,merged proposal,PAR-006: Bypass of professional clemency review [Merged into PAR-001],areas/PAR/README.md,
55,https://github.com/Thorncrag/ARRP/issues/55,PAR-007,merged proposal,PAR-007: Inadequate transparency [Merged into PAR-001],areas/PAR/README.md,
56,https://github.com/Thorncrag/ARRP/issues/56,PAR-008,merged proposal,PAR-008: Blanket or categorical pardons [Merged into PAR-001],areas/PAR/README.md,
57,https://github.com/Thorncrag/ARRP/issues/57,PAR-009,merged proposal,PAR-009: Transition-period pardons [Merged into PAR-001],areas/PAR/README.md,
58,https://github.com/Thorncrag/ARRP/issues/58,PAR-010,merged proposal,PAR-010: Weak remedies after corrupt use [Merged into PAR-001],areas/PAR/README.md,
59,https://github.com/Thorncrag/ARRP/issues/59,EMOL-001,proposal,"EMOL-001: Presidential Financial Conflicts, Emoluments, and Self-Dealing",areas/EMOL/README.md,
60,https://github.com/Thorncrag/ARRP/issues/60,EMOL-002,merged proposal,EMOL-002: Presidential exemption from ordinary conflict-of-interest law [Merged into EMOL-001],areas/EMOL/README.md,
61,https://github.com/Thorncrag/ARRP/issues/61,EMOL-003,merged proposal,EMOL-003: Absence of a designated enforcement institution [Merged into EMOL-001],areas/EMOL/README.md,
62,https://github.com/Thorncrag/ARRP/issues/62,EMOL-004,merged proposal,EMOL-004: Standing barriers [Merged into EMOL-001],areas/EMOL/README.md,
63,https://github.com/Thorncrag/ARRP/issues/63,EMOL-005,merged proposal,EMOL-005: Uncertainty over the meaning of emolument [Merged into EMOL-001],areas/EMOL/README.md,
64,https://github.com/Thorncrag/ARRP/issues/64,EMOL-006,merged proposal,EMOL-006: Benefits routed through business entities [Merged into EMOL-001],areas/EMOL/README.md,
65,https://github.com/Thorncrag/ARRP/issues/65,EMOL-007,merged proposal,EMOL-007: Foreign-government patronage [Merged into EMOL-001],areas/EMOL/README.md,
66,https://github.com/Thorncrag/ARRP/issues/66,EMOL-008,merged proposal,EMOL-008: Domestic-government spending at presidential businesses [Merged into EMOL-001],areas/EMOL/README.md,
67,https://github.com/Thorncrag/ARRP/issues/67,EMOL-009,merged proposal,EMOL-009: Inadequate financial disclosure [Merged into EMOL-001],areas/EMOL/README.md,
68,https://github.com/Thorncrag/ARRP/issues/68,EMOL-010,merged proposal,EMOL-010: Lack of an operational congressional-consent process [Merged into EMOL-001],areas/EMOL/README.md,
69,https://github.com/Thorncrag/ARRP/issues/69,EMOL-011,merged proposal,EMOL-011: Remedies that arrive too late [Merged into EMOL-001],areas/EMOL/README.md,
70,https://github.com/Thorncrag/ARRP/issues/70,EMOL-012,merged proposal,EMOL-012: Lack of effective disgorgement [Merged into EMOL-001],areas/EMOL/README.md,
71,https://github.com/Thorncrag/ARRP/issues/71,EMOL-013,merged proposal,EMOL-013: Circumvention through family or affiliated entities [Merged into EMOL-001],areas/EMOL/README.md,
72,https://github.com/Thorncrag/ARRP/issues/72,EMOL-014,merged proposal,EMOL-014: Dependence on impeachment or political restraint [Merged into EMOL-001],areas/EMOL/README.md,
73,https://github.com/Thorncrag/ARRP/issues/73,EMOL-015,proposal,EMOL-015: Executive Self-Litigation and Settlement Conflicts,areas/EMOL/issues/EMOL-015.md,
74,https://github.com/Thorncrag/ARRP/issues/74,CLASS-001,proposal,CLASS-001: Undocumented presidential declassification,areas/CLASS/README.md,
75,https://github.com/Thorncrag/ARRP/issues/75,CLASS-002,proposal,CLASS-002: Confusion between declassification and lawful possession,areas/CLASS/README.md,
76,https://github.com/Thorncrag/ARRP/issues/76,CLASS-003,proposal,CLASS-003: Unclear statutory exceptions such as Restricted Data,areas/CLASS/README.md,
77,https://github.com/Thorncrag/ARRP/issues/77,CLASS-004,proposal,CLASS-004: Classification used to conceal misconduct or embarrassment,areas/CLASS/README.md,
78,https://github.com/Thorncrag/ARRP/issues/78,CLASS-005,proposal,CLASS-005: Politically selective declassification,areas/CLASS/README.md,
79,https://github.com/Thorncrag/ARRP/issues/79,CLASS-006,proposal,CLASS-006: Inadequate protection against exposure of intelligence sources and methods,areas/CLASS/README.md,
80,https://github.com/Thorncrag/ARRP/issues/80,CLASS-007,proposal,CLASS-007: Weak archival and agency implementation procedures,areas/CLASS/README.md,
81,https://github.com/Thorncrag/ARRP/issues/81,CLASS-008,proposal,CLASS-008: Overclassification and excessive secrecy,areas/CLASS/README.md,
82,https://github.com/Thorncrag/ARRP/issues/82,CLASS-009,proposal,CLASS-009: Insufficient congressional access and oversight,areas/CLASS/README.md,
83,https://github.com/Thorncrag/ARRP/issues/83,CLASS-010,proposal,CLASS-010: Limited external review and judicial remedies,areas/CLASS/README.md,
84,https://github.com/Thorncrag/ARRP/issues/84,CLASS-011,proposal,CLASS-011: Politicized security-clearance authority,areas/CLASS/README.md,
85,https://github.com/Thorncrag/ARRP/issues/85,CLASS-012,proposal,CLASS-012: Inconsistent accountability for unauthorized retention or disclosure,areas/CLASS/README.md,
86,https://github.com/Thorncrag/ARRP/issues/86,CIV-001,proposal,CIV-001: Political reclassification of career positions,areas/CIV/README.md,
87,https://github.com/Thorncrag/ARRP/issues/87,CIV-002,proposal,CIV-002: Removal or reassignment for disfavored professional judgments,areas/CIV/README.md,
88,https://github.com/Thorncrag/ARRP/issues/88,CIV-003,proposal,CIV-003: Loyalty tests and partisan hiring,areas/CIV/README.md,
89,https://github.com/Thorncrag/ARRP/issues/89,CIV-004,proposal,CIV-004: Weak protection for refusal of unlawful directives,areas/CIV/README.md,
90,https://github.com/Thorncrag/ARRP/issues/90,CIV-005,proposal,CIV-005: Loss of technical and institutional capacity,areas/CIV/README.md,
91,https://github.com/Thorncrag/ARRP/issues/91,CIV-006,proposal,CIV-006: Inadequate and delayed personnel remedies,areas/CIV/README.md,
92,https://github.com/Thorncrag/ARRP/issues/92,CIV-007,proposal,CIV-007: Politicized promotion and performance systems,areas/CIV/README.md,
93,https://github.com/Thorncrag/ARRP/issues/93,CIV-008,proposal,CIV-008: Mass reduction or hollowing of agency capacity,areas/CIV/README.md,
94,https://github.com/Thorncrag/ARRP/issues/94,CIV-009,proposal,CIV-009: Repurposed technical units as cross-agency operational control mechanisms,areas/CIV/README.md,
95,https://github.com/Thorncrag/ARRP/issues/95,OVS-001,proposal,OVS-001: Removal or intimidation of inspectors general,areas/OVS/README.md,
96,https://github.com/Thorncrag/ARRP/issues/96,OVS-002,proposal,OVS-002: Use of acting officials to weaken independence,areas/OVS/README.md,
97,https://github.com/Thorncrag/ARRP/issues/97,OVS-003,proposal,"OVS-003: Denial of records, access, or testimony",areas/OVS/README.md,
98,https://github.com/Thorncrag/ARRP/issues/98,OVS-004,proposal,OVS-004: Retaliation against whistleblowers,areas/OVS/README.md,
99,https://github.com/Thorncrag/ARRP/issues/99,OVS-005,proposal,OVS-005: Suppression or delay of reports,areas/OVS/README.md,
100,https://github.com/Thorncrag/ARRP/issues/100,OVS-006,proposal,OVS-006: Inability to enforce recommendations,areas/OVS/README.md,
101,https://github.com/Thorncrag/ARRP/issues/101,OVS-007,proposal,OVS-007: Weak congressional notification and follow-up,areas/OVS/README.md,
102,https://github.com/Thorncrag/ARRP/issues/102,OVS-008,proposal,OVS-008: Insufficient independence of internal ethics offices,areas/OVS/README.md,
103,https://github.com/Thorncrag/ARRP/issues/103,EMERG-001,proposal,EMERG-001: Open-ended national-emergency declarations,areas/EMERG/README.md,
104,https://github.com/Thorncrag/ARRP/issues/104,EMERG-002,proposal,EMERG-002: Use of emergency authority to redirect appropriated funds,areas/EMERG/README.md,
105,https://github.com/Thorncrag/ARRP/issues/105,EMERG-003,proposal,EMERG-003: Emergency Economic Powers as a Substitute for Legislation,areas/EMERG/issues/EMERG-003.md,
106,https://github.com/Thorncrag/ARRP/issues/106,EMERG-004,proposal,EMERG-004: Border or immigration emergency declarations,areas/EMERG/README.md,
107,https://github.com/Thorncrag/ARRP/issues/107,EMERG-005,proposal,EMERG-005: Weak congressional termination procedures,areas/EMERG/README.md,
108,https://github.com/Thorncrag/ARRP/issues/108,EMERG-006,proposal,EMERG-006: Indefinite renewal of emergencies,areas/EMERG/README.md,
109,https://github.com/Thorncrag/ARRP/issues/109,EMERG-007,proposal,EMERG-007: Insufficiently specific factual findings,areas/EMERG/README.md,
110,https://github.com/Thorncrag/ARRP/issues/110,EMERG-008,proposal,EMERG-008: Delayed or deferential judicial review,areas/EMERG/README.md,
111,https://github.com/Thorncrag/ARRP/issues/111,FUND-001,proposal,FUND-001: Fiscal Implementation of Ultra Vires Executive Directives,areas/FUND/issues/FUND-001.md,
112,https://github.com/Thorncrag/ARRP/issues/112,FUND-002,proposal,FUND-002: Pocket Rescissions and Strategic Delay,areas/FUND/issues/FUND-002.md,
113,https://github.com/Thorncrag/ARRP/issues/113,FUND-003,proposal,FUND-003: Agency closure or program nullification through nonspending,areas/FUND/README.md,
114,https://github.com/Thorncrag/ARRP/issues/114,FUND-004,proposal,FUND-004: Politically selective withholding of grants or aid,areas/FUND/README.md,
115,https://github.com/Thorncrag/ARRP/issues/115,FUND-005,proposal,FUND-005: Reprogramming beyond congressional intent,areas/FUND/README.md,
116,https://github.com/Thorncrag/ARRP/issues/116,FUND-006,proposal,FUND-006: Weak standing and remedies,areas/FUND/README.md,
117,https://github.com/Thorncrag/ARRP/issues/117,FUND-007,proposal,FUND-007: Insufficient personal accountability,areas/FUND/README.md,
118,https://github.com/Thorncrag/ARRP/issues/118,FUND-008,proposal,FUND-008: Inadequate real-time reporting to Congress and GAO,areas/FUND/README.md,
119,https://github.com/Thorncrag/ARRP/issues/119,APPT-001,proposal,APPT-001: Evasion of Senate Confirmation and Statutory Appointment Safeguards,areas/APPT/issues/APPT-001.md,
120,https://github.com/Thorncrag/ARRP/issues/120,APPT-002,merged proposal,APPT-002: Evasion of the Federal Vacancies Reform Act [Merged into APPT-001],areas/APPT/README.md,
121,https://github.com/Thorncrag/ARRP/issues/121,APPT-003,merged proposal,APPT-003: Delegation around expired acting service [Merged into APPT-001],areas/APPT/README.md,
122,https://github.com/Thorncrag/ARRP/issues/122,APPT-004,proposal,APPT-004: Exercise of Governmental Authority by Unappointed or Insufficiently Accountable Individuals,areas/APPT/README.md,
123,https://github.com/Thorncrag/ARRP/issues/123,APPT-005,merged proposal,APPT-005: Removal and replacement of confirmed officers [Rerouted],areas/APPT/README.md,
124,https://github.com/Thorncrag/ARRP/issues/124,APPT-006,merged proposal,APPT-006: Manipulation of office titles and duties [Merged and rerouted],areas/APPT/README.md,
125,https://github.com/Thorncrag/ARRP/issues/125,APPT-007,merged proposal,APPT-007: Weak consequences for unlawful service [Merged into APPT-001],areas/APPT/README.md,
126,https://github.com/Thorncrag/ARRP/issues/126,APPT-008,merged proposal,APPT-008: Inadequate transparency concerning succession and authority [Merged into APPT-001],areas/APPT/README.md,
127,https://github.com/Thorncrag/ARRP/issues/127,REC-001,proposal,"REC-001: Presidential and Executive Records Integrity, Custody, and Enforcement",areas/REC/README.md,
128,https://github.com/Thorncrag/ARRP/issues/128,REC-002,merged proposal,REC-002: Destruction or deletion of records [Merged into REC-001],areas/REC/README.md,
129,https://github.com/Thorncrag/ARRP/issues/129,REC-003,merged proposal,REC-003: Use of private messaging or unofficial systems [Merged into REC-001],areas/REC/README.md,
130,https://github.com/Thorncrag/ARRP/issues/130,REC-004,merged proposal,REC-004: Weak National Archives enforcement authority [Merged into REC-001],areas/REC/README.md,
131,https://github.com/Thorncrag/ARRP/issues/131,REC-005,merged proposal,REC-005: Delayed litigation and recovery [Merged into REC-001],areas/REC/README.md,
132,https://github.com/Thorncrag/ARRP/issues/132,REC-006,merged proposal,"REC-006: Preservation of websites, datasets, and digital records [Merged into REC-001]",areas/REC/README.md,
133,https://github.com/Thorncrag/ARRP/issues/133,REC-007,merged proposal,REC-007: Ambiguous separation of personal and presidential records [Merged into REC-001],areas/REC/README.md,
134,https://github.com/Thorncrag/ARRP/issues/134,REC-008,merged proposal,REC-008: Insufficient transition-period custody controls [Merged into REC-001],areas/REC/README.md,
135,https://github.com/Thorncrag/ARRP/issues/135,DOM-001,proposal,DOM-001: Overbroad Insurrection Act authority,areas/DOM/README.md,
136,https://github.com/Thorncrag/ARRP/issues/136,DOM-002,proposal,DOM-002: Ambiguity in Posse Comitatus limitations,areas/DOM/README.md,
137,https://github.com/Thorncrag/ARRP/issues/137,DOM-003,proposal,DOM-003: Federalization of the National Guard over state objection,areas/DOM/README.md,
138,https://github.com/Thorncrag/ARRP/issues/138,DOM-004,proposal,DOM-004: Deployment around protests or elections,areas/DOM/README.md,
139,https://github.com/Thorncrag/ARRP/issues/139,DOM-005,proposal,"DOM-005: State Investigative Access to Federal Critical-Incident Evidence",areas/DOM/issues/DOM-005.md,
140,https://github.com/Thorncrag/ARRP/issues/140,DOM-006,proposal,DOM-006: Federal-property authority used as a pretext for broader operations,areas/DOM/README.md,
141,https://github.com/Thorncrag/ARRP/issues/141,DOM-007,proposal,DOM-007: Domestic military intelligence activity,areas/DOM/README.md,
142,https://github.com/Thorncrag/ARRP/issues/142,DOM-008,proposal,DOM-008: Insufficient expedited judicial review,areas/DOM/README.md,
143,https://github.com/Thorncrag/ARRP/issues/143,DOM-009,proposal,DOM-009: Federal Law-Enforcement Surveillance Procurement and Deployment,areas/DOM/issues/DOM-009.md,
144,https://github.com/Thorncrag/ARRP/issues/144,CONG-001,proposal,CONG-001: Congressional Information and Subpoena Enforcement,areas/CONG/README.md,
145,https://github.com/Thorncrag/ARRP/issues/145,CONG-002,merged proposal,CONG-002: Overbroad executive-privilege claims [Merged into CONG-001],areas/CONG/README.md,
146,https://github.com/Thorncrag/ARRP/issues/146,CONG-003,merged proposal,CONG-003: Claims of testimonial immunity [Merged into CONG-001],areas/CONG/README.md,
147,https://github.com/Thorncrag/ARRP/issues/147,CONG-004,merged proposal,CONG-004: Delay through litigation [Merged into CONG-001],areas/CONG/README.md,
148,https://github.com/Thorncrag/ARRP/issues/148,CONG-005,merged proposal,CONG-005: Contempt referrals dependent on DOJ [Merged into CONG-001],areas/CONG/README.md,
149,https://github.com/Thorncrag/ARRP/issues/149,CONG-006,merged proposal,CONG-006: Lack of expedited judicial review [Merged into CONG-001],areas/CONG/README.md,
150,https://github.com/Thorncrag/ARRP/issues/150,CONG-007,proposal,CONG-007: Weak committee investigative capacity,areas/CONG/README.md,
151,https://github.com/Thorncrag/ARRP/issues/151,CONG-008,retired proposal,CONG-008: Partisan collapse of oversight under unified government [Outside scope as independent proposal],areas/CONG/README.md,
152,https://github.com/Thorncrag/ARRP/issues/152,IMM-001,proposal,IMM-001: Criminal Immunity for Presidential Official Acts,areas/IMM/issues/IMM-001.md,
153,https://github.com/Thorncrag/ARRP/issues/153,IMM-002,proposal,IMM-002: Civil immunity and remedial gaps,areas/IMM/README.md,
154,https://github.com/Thorncrag/ARRP/issues/154,IMM-003,proposal,IMM-003: Statutes of limitation during presidential tenure,areas/IMM/README.md,
155,https://github.com/Thorncrag/ARRP/issues/155,IMM-004,proposal,IMM-004: Restrictions on evidentiary use of official conduct,areas/IMM/README.md,
156,https://github.com/Thorncrag/ARRP/issues/156,IMM-005,proposal,IMM-005: Delay as de facto immunity,areas/IMM/README.md,
157,https://github.com/Thorncrag/ARRP/issues/157,IMM-006,proposal,IMM-006: Relationship between impeachment and criminal liability,areas/IMM/README.md,
158,https://github.com/Thorncrag/ARRP/issues/158,IMM-007,proposal,IMM-007: Self-protective use of presidential powers,areas/IMM/README.md,
159,https://github.com/Thorncrag/ARRP/issues/159,IMM-008,proposal,IMM-008: Independent investigation and prosecution mechanisms,areas/IMM/README.md,
160,https://github.com/Thorncrag/ARRP/issues/160,REG-001,proposal,REG-001: Agency Independence and Functional Nullification,areas/REG/issues/REG-001.md,
161,https://github.com/Thorncrag/ARRP/issues/161,REG-002,proposal,REG-002: Politicized enforcement or nonenforcement,areas/REG/README.md,
162,https://github.com/Thorncrag/ARRP/issues/162,REG-003,proposal,REG-003: Control of administrative adjudication,areas/REG/README.md,
163,https://github.com/Thorncrag/ARRP/issues/163,REG-004,merged proposal,REG-004: Suspension or dismantling of agency operations [Merged into REG-001],areas/REG/README.md,
164,https://github.com/Thorncrag/ARRP/issues/164,REG-005,merged proposal,REG-005: Manipulation of commissions through vacancies [Merged into REG-001],areas/REG/README.md,
165,https://github.com/Thorncrag/ARRP/issues/165,REG-006,proposal,REG-006: Presidential control of rulemaking and legal positions,areas/REG/README.md,
166,https://github.com/Thorncrag/ARRP/issues/166,REG-007,proposal,REG-007: Threats to independent funding,areas/REG/README.md,
167,https://github.com/Thorncrag/ARRP/issues/167,REG-008,proposal,REG-008: Unclear constitutional design options after recent doctrine,areas/REG/README.md,
168,https://github.com/Thorncrag/ARRP/issues/168,FACT-001,proposal,FACT-001: Political review or alteration of scientific reports,areas/FACT/README.md,
169,https://github.com/Thorncrag/ARRP/issues/169,FACT-002,proposal,FACT-002: Removal or suppression of datasets,areas/FACT/README.md,
170,https://github.com/Thorncrag/ARRP/issues/170,FACT-003,proposal,FACT-003: Manipulation of publication schedules,areas/FACT/README.md,
171,https://github.com/Thorncrag/ARRP/issues/171,FACT-004,proposal,FACT-004: Interference with statistical agencies,areas/FACT/README.md,
172,https://github.com/Thorncrag/ARRP/issues/172,FACT-005,proposal,FACT-005: Censorship of agency terminology,areas/FACT/README.md,
173,https://github.com/Thorncrag/ARRP/issues/173,FACT-006,proposal,FACT-006: Suppression of unfavorable findings,areas/FACT/README.md,
174,https://github.com/Thorncrag/ARRP/issues/174,FACT-007,proposal,FACT-007: Political alteration of historical presentation,areas/FACT/README.md,
175,https://github.com/Thorncrag/ARRP/issues/175,FACT-008,proposal,FACT-008: Insufficient independent archival preservation and methodology protection,areas/FACT/README.md,
176,https://github.com/Thorncrag/ARRP/issues/176,FACT-009,proposal,"FACT-009: Misleading official terminology, titles, or institutional labels",areas/FACT/README.md,
177,https://github.com/Thorncrag/ARRP/issues/177,RET-001,proposal,RET-001: Executive Retaliation Through Federal Benefits and Regulatory Power,areas/RET/README.md,
178,https://github.com/Thorncrag/ARRP/issues/178,RET-002,merged proposal,RET-002: Contracting favoritism or retaliation [Merged into RET-001],areas/RET/README.md,
179,https://github.com/Thorncrag/ARRP/issues/179,RET-003,merged proposal,RET-003: Selective regulatory scrutiny [Merged into RET-001],areas/RET/README.md,
180,https://github.com/Thorncrag/ARRP/issues/180,RET-004,merged proposal,RET-004: Licensing or approval pressure [Merged into RET-001],areas/RET/README.md,
181,https://github.com/Thorncrag/ARRP/issues/181,RET-005,merged proposal,"RET-005: Antitrust, tax, or enforcement coercion [Merged into RET-001]",areas/RET/README.md,
182,https://github.com/Thorncrag/ARRP/issues/182,RET-006,merged proposal,"RET-006: Retaliation against universities, law firms, media, or businesses [Merged into RET-001]",areas/RET/README.md,
183,https://github.com/Thorncrag/ARRP/issues/183,RET-007,merged proposal,RET-007: Security-clearance or access retaliation [Merged into RET-001],areas/RET/README.md,
184,https://github.com/Thorncrag/ARRP/issues/184,RET-008,merged proposal,RET-008: Weak emergency remedies and evidentiary transparency [Merged into RET-001],areas/RET/README.md,
185,https://github.com/Thorncrag/ARRP/issues/185,FED-001,proposal,FED-001: Conditioning disaster or infrastructure aid,areas/FED/README.md,
186,https://github.com/Thorncrag/ARRP/issues/186,FED-002,proposal,FED-002: Selective enforcement against disfavored states,areas/FED/README.md,
187,https://github.com/Thorncrag/ARRP/issues/187,FED-003,proposal,FED-003: Coercive grant conditions,areas/FED/issues/FED-003.md,
188,https://github.com/Thorncrag/ARRP/issues/188,FED-004,proposal,FED-004: Federal takeover or displacement of state functions,areas/FED/README.md,
189,https://github.com/Thorncrag/ARRP/issues/189,FED-005,proposal,FED-005: Deployment of federal forces over state objection,areas/FED/README.md,
190,https://github.com/Thorncrag/ARRP/issues/190,FED-006,proposal,FED-006: Interference with state election systems,areas/FED/README.md,
191,https://github.com/Thorncrag/ARRP/issues/191,FED-007,proposal,FED-007: Retaliatory investigations or audits,areas/FED/README.md,
192,https://github.com/Thorncrag/ARRP/issues/192,FED-008,proposal,FED-008: Abuse of waiver and approval authority,areas/FED/README.md,
193,https://github.com/Thorncrag/ARRP/issues/193,FRB-001,proposal,FRB-001: Federal Reserve Independence and Democratic Accountability,areas/FRB/README.md,
194,https://github.com/Thorncrag/ARRP/issues/194,FRB-002,merged proposal,FRB-002: Uncertain removal protection for Federal Reserve governors and leadership [Merged into FRB-001],areas/FRB/README.md,
195,https://github.com/Thorncrag/ARRP/issues/195,FRB-003,merged proposal,FRB-003: Politicized appointments and confirmations [Merged into FRB-001],areas/FRB/README.md,
196,https://github.com/Thorncrag/ARRP/issues/196,FRB-004,merged proposal,FRB-004: Manipulation through vacancies [Merged into FRB-001],areas/FRB/README.md,
197,https://github.com/Thorncrag/ARRP/issues/197,FRB-005,merged proposal,FRB-005: Threats to financing and operational independence [Merged into FRB-001],areas/FRB/README.md,
198,https://github.com/Thorncrag/ARRP/issues/198,FRB-006,merged proposal,FRB-006: Political retaliation against Federal Reserve officials [Merged into FRB-001],areas/FRB/README.md,
199,https://github.com/Thorncrag/ARRP/issues/199,FRB-007,merged proposal,FRB-007: Pre-election monetary manipulation [Merged into FRB-001],areas/FRB/README.md,
200,https://github.com/Thorncrag/ARRP/issues/200,FRB-008,merged proposal,FRB-008: Preservation of accountability alongside instrument independence [Merged into FRB-001],areas/FRB/README.md,
201,https://github.com/Thorncrag/ARRP/issues/201,PRESS-001,proposal,PRESS-001: Retaliatory denial of access,areas/PRESS/README.md,
202,https://github.com/Thorncrag/ARRP/issues/202,PRESS-002,proposal,PRESS-002: Selective exclusion from government events and information,areas/PRESS/README.md,
203,https://github.com/Thorncrag/ARRP/issues/203,PRESS-003,proposal,"PRESS-003: Misuse of investigations, subpoenas, surveillance, or source demands",areas/PRESS/README.md,
204,https://github.com/Thorncrag/ARRP/issues/204,PRESS-004,proposal,PRESS-004: Regulatory retaliation,areas/PRESS/README.md,
205,https://github.com/Thorncrag/ARRP/issues/205,PRESS-005,proposal,PRESS-005: Contracting and commercial pressure,areas/PRESS/README.md,
206,https://github.com/Thorncrag/ARRP/issues/206,PRESS-006,proposal,PRESS-006: Misuse of official power to threaten or punish reporting,areas/PRESS/README.md,
207,https://github.com/Thorncrag/ARRP/issues/207,PRESS-007,proposal,PRESS-007: Manipulation of the factual record,areas/PRESS/README.md,
208,https://github.com/Thorncrag/ARRP/issues/208,PRESS-008,proposal,PRESS-008: Delegitimization combined with governmental coercive power,areas/PRESS/README.md,
209,https://github.com/Thorncrag/ARRP/issues/209,PRESS-009,proposal,PRESS-009: Weak protection for confidential sources,areas/PRESS/README.md,
210,https://github.com/Thorncrag/ARRP/issues/210,PRESS-010,proposal,PRESS-010: Public-broadcasting and funding retaliation,areas/PRESS/README.md,
211,https://github.com/Thorncrag/ARRP/issues/211,PRESS-011,proposal,PRESS-011: Discriminatory taxation or financial burdens,areas/PRESS/README.md,
212,https://github.com/Thorncrag/ARRP/issues/212,PRESS-012,proposal,PRESS-012: Lack of rapid remedies for time-sensitive press disputes,areas/PRESS/README.md,
213,https://github.com/Thorncrag/ARRP/issues/213,HER-001,proposal,HER-001: Federal Civic Property Preservation and Public Review,areas/HER/README.md,
214,https://github.com/Thorncrag/ARRP/issues/214,HER-002,merged proposal,"HER-002: Bypass of historic-preservation, planning, arts-commission, environmental, or public-comment review [Merged into HER-001]",areas/HER/README.md,
215,https://github.com/Thorncrag/ARRP/issues/215,HER-003,merged proposal,HER-003: Privately funded or donor-influenced alteration of federal civic property [Merged into HER-001],areas/HER/README.md,
216,https://github.com/Thorncrag/ARRP/issues/216,HER-004,merged proposal,"HER-004: Manipulation of planning, preservation, or fine-arts review bodies [Merged into HER-001]",areas/HER/README.md,
217,https://github.com/Thorncrag/ARRP/issues/217,HER-005,merged proposal,"HER-005: Security, emergency, or operational-necessity claims used to evade ordinary civic-heritage safeguards [Merged into HER-001]",areas/HER/README.md,
218,https://github.com/Thorncrag/ARRP/issues/218,HER-006,merged proposal,"HER-006: Removal or alteration of commemorative landscapes, trees, interiors, fixtures, and interpretive features [Merged into HER-001]",areas/HER/README.md,
219,https://github.com/Thorncrag/ARRP/issues/219,HER-007,merged proposal,"HER-007: Insufficient notice, documentation, public review, and congressional consultation before irreversible work [Merged into HER-001]",areas/HER/README.md,
220,https://github.com/Thorncrag/ARRP/issues/220,HER-008,merged proposal,"HER-008: Weak remedies after demolition, construction, donor expenditure, or physical alteration is substantially complete [Merged into HER-001]",areas/HER/README.md,
221,https://github.com/Thorncrag/ARRP/issues/221,RIGHTS-001,proposal,"RIGHTS-001: Civil-Rights Administration, Identity Records, and Federal Definition Control",areas/RIGHTS/issues/RIGHTS-001.md,
222,https://github.com/Thorncrag/ARRP/issues/222,RIGHTS-002,proposal,"RIGHTS-002: Temporary Protected Status, Asylum Access, and Humanitarian Reviewability",areas/RIGHTS/issues/RIGHTS-002.md,
223,https://github.com/Thorncrag/ARRP/issues/223,RIGHTS-003,proposal,RIGHTS-003: Birthright Citizenship Statutory Recognition and Federal Identity Records,areas/RIGHTS/issues/RIGHTS-003.md,
224,https://github.com/Thorncrag/ARRP/issues/224,,governance,Source and external-reference hardening,inventory/sources.csv,7
225,https://github.com/Thorncrag/ARRP/issues/225,,governance,Neutrality and bipartisan adoption review,,7
226,https://github.com/Thorncrag/ARRP/issues/226,,governance,Horizon proposal resolution for public release,framework/HORIZON_SCAN_LOG.md,7
227,https://github.com/Thorncrag/ARRP/issues/227,,governance,Release-blocker audit posture review,,7
228,https://github.com/Thorncrag/ARRP/issues/228,,governance,Publication assembly workflow,,9
229,https://github.com/Thorncrag/ARRP/issues/229,,governance,Final link and export validation,,9
230,https://github.com/Thorncrag/ARRP/issues/230,,governance,Copyright infringement check,,7
231,https://github.com/Thorncrag/ARRP/issues/231,,governance,Modify or add an audit to add an executive summary to each issue page,,
232,https://github.com/Thorncrag/ARRP/issues/232,,source review,Jack Smith reports crosswalks,,
233,https://github.com/Thorncrag/ARRP/issues/233,,governance,Final pass to verify that indictments and prosecutorial reports are only sourced for identifying weakness and not presented as proving the underlying claims,,
234,https://github.com/Thorncrag/ARRP/issues/234,HOR-023,horizon,HOR-023: Foreign Election Interference and Campaign Counterintelligence Safeguards,framework/HORIZON_SCAN_LOG.md,
235,https://github.com/Thorncrag/ARRP/issues/235,HOR-024,horizon,HOR-024: CFPB Operational Dismantling and Funding Leverage [Integrated into REG-001 and REG-007],framework/HORIZON_SCAN_LOG.md,
236,https://github.com/Thorncrag/ARRP/issues/236,ELEC-014,proposal,ELEC-014: Limiting Federal Criminal Investigations into State-Administered Elections,areas/ELEC/issues/ELEC-014.md,
237,https://github.com/Thorncrag/ARRP/issues/237,ELEC-015,proposal,ELEC-015: Ranked-Choice Voting and Majority-Choice Election Methods,areas/ELEC/issues/ELEC-015.md,
238,https://github.com/Thorncrag/ARRP/issues/238,RIGHTS-004,proposal,"RIGHTS-004: Comprehensive Immigration Reform, Removal Due Process, and Immigration System Integrity",areas/RIGHTS/issues/RIGHTS-004.md,
239,https://github.com/Thorncrag/ARRP/issues/239,HOR-025,horizon,HOR-025: Political and Lobbyist Influence over DOJ Merger Enforcement,framework/HORIZON_SCAN_LOG.md,
240,https://github.com/Thorncrag/ARRP/issues/240,REG-001-CATALOG-MONITOR,source review,REG-001 Monitor: Agency Independence and Functional Nullification Catalog,research/REG-001-independent-agency-removal-catalog.md,160
241,https://github.com/Thorncrag/ARRP/issues/241,ELEC-004-CATALOG-MONITOR,source review,ELEC-004 Monitor: Civil Process and State Election Records Catalog,research/ELEC-004-civil-process-catalog.md,32
242,https://github.com/Thorncrag/ARRP/issues/242,ELEC-013-EXPLAINER-MONITOR,source review,ELEC-013 Monitor: Presidential Debate and Ballot Access Explainer,research/ELEC-013-presidential-debate-ballot-access-explainer.md,41
243,https://github.com/Thorncrag/ARRP/issues/243,ELEC-014-CATALOG-MONITOR,source review,ELEC-014 Monitor: Criminal Process and State Election Records Catalog,research/ELEC-014-criminal-process-catalog.md,236
244,https://github.com/Thorncrag/ARRP/issues/244,ELEC-015-DATA-MONITOR,source review,ELEC-015 Monitor: Maine RCV Participation Dataset,research/ELEC-015-maine-rcv-participation-data.md,237
245,https://github.com/Thorncrag/ARRP/issues/245,HOR-026,horizon,HOR-026: Presidential Withdrawal or Constructive Withdrawal from International Commitments,framework/HORIZON_SCAN_LOG.md,
246,https://github.com/Thorncrag/ARRP/issues/246,JUD-011,proposal,JUD-011: Executive Nullification of Congressional Mandates,areas/JUD/issues/JUD-011.md,
247,https://github.com/Thorncrag/ARRP/issues/247,HOR-027,horizon,HOR-027: Presidential Policymaking Through Privately Controlled Social Media,framework/HORIZON_SCAN_LOG.md,
248,https://github.com/Thorncrag/ARRP/issues/248,HOR-028,horizon,HOR-028: Unofficial or Conflicted Presidential Foreign-Policy Representatives [Integrated into APPT-004],framework/HORIZON_SCAN_LOG.md,
249,https://github.com/Thorncrag/ARRP/issues/249,HOR-029,horizon,HOR-029: Presidential Self-Dealing Through an Officially Favored Private Platform,framework/HORIZON_SCAN_LOG.md,
250,https://github.com/Thorncrag/ARRP/issues/250,HOR-030,horizon,HOR-030: Executive Dismantlement of the International Criminal Court [Integrated into EMERG-003],framework/HORIZON_SCAN_LOG.md,
251,https://github.com/Thorncrag/ARRP/issues/251,HOR-031,horizon,HOR-031: Durability and Revocation of National Monument Protections,framework/HORIZON_SCAN_LOG.md,
