Object ID,Kind,GitHub Title,Canonical Record,Legacy Inventory Status,Legacy Priority,Legacy Suggested Labels,Legacy Milestone,GitHub Issue,Import Status
DOJ-001,proposal,DOJ-001: Recent Presidential Personal Counsel in Senior DOJ Leadership,areas/DOJ/issues/DOJ-001.md,Developed,High,kind: proposal; area: DOJ; stage: developed; status: needs audit; priority: high,,https://github.com/Thorncrag/ARRP/issues/22,created
DOJ-002,proposal,DOJ-002: White House Direction or Interference in Particular Federal Criminal Matters,areas/DOJ/issues/DOJ-002.md,Developed,High,kind: proposal; area: DOJ; stage: developed; status: needs audit; priority: high,,https://github.com/Thorncrag/ARRP/issues/23,created
DOJ-003,proposal,"DOJ-003: Politically Selective Enforcement, Charging, and Favoritism",areas/DOJ/issues/DOJ-003.md,Developed,High,kind: proposal; area: DOJ; stage: developed; status: needs audit; priority: high,,https://github.com/Thorncrag/ARRP/issues/24,created
DOJ-004,proposal,DOJ-004: Protection of Career DOJ Personnel from Politically Motivated Removal or Reassignment,areas/DOJ/issues/DOJ-004.md,Awaiting merits adjudication,High,kind: proposal; area: DOJ; stage: paused; priority: high,,https://github.com/Thorncrag/ARRP/issues/25,created
DOJ-005,proposal,DOJ-005: Weak Enforcement and Internal Control of DOJ Recusal Duties,areas/DOJ/issues/DOJ-005.md,Developed,High,kind: proposal; area: DOJ; stage: developed; status: needs audit; priority: high,,https://github.com/Thorncrag/ARRP/issues/26,created
DOJ-007,proposal,DOJ-007: Independent Investigation of Presidential and Senior Executive Misconduct,areas/DOJ/issues/DOJ-007.md,Developed,High,kind: proposal; area: DOJ; stage: developed; status: needs audit; priority: high,,https://github.com/Thorncrag/ARRP/issues/27,created
DOJ-009,proposal,DOJ-009: Insufficient Professional-Qualification Requirements for Senior DOJ Leadership,areas/DOJ/issues/DOJ-009.md,Developed,High,kind: proposal; area: DOJ; stage: developed; status: needs audit; priority: high,,https://github.com/Thorncrag/ARRP/issues/28,created
ELEC-001,proposal,ELEC-001: Federal Executive Interference with State and Local Election Administration,areas/ELEC/issues/ELEC-001.md,Developed,High,kind: proposal; area: ELEC; stage: developed; status: needs audit; priority: high,,https://github.com/Thorncrag/ARRP/issues/29,created
ELEC-002,proposal,ELEC-002: Pressure on Certification and Canvassing Officials,areas/ELEC/issues/ELEC-002.md,Developed,High,kind: proposal; area: ELEC; stage: developed; status: needs audit; priority: high,,https://github.com/Thorncrag/ARRP/issues/30,created
ELEC-003,proposal,ELEC-003: Insufficient Protection for Election Workers and Officials,areas/ELEC/issues/ELEC-003.md,Developed,High,kind: proposal; area: ELEC; stage: developed; status: needs audit; priority: high,,https://github.com/Thorncrag/ARRP/issues/31,created
ELEC-004,proposal,ELEC-004: Abuse of Election Litigation and Investigatory Mechanisms,areas/ELEC/issues/ELEC-004.md,Developed,High,kind: proposal; area: ELEC; stage: developed; status: needs audit; priority: high,,https://github.com/Thorncrag/ARRP/issues/32,created
ELEC-005,proposal,ELEC-005: Weak Safeguards Against False Presidential Result-Transmission Documents,areas/ELEC/issues/ELEC-005.md,Developed,High,kind: proposal; area: ELEC; stage: developed; status: needs audit; priority: high,,https://github.com/Thorncrag/ARRP/issues/33,created
ELEC-006,proposal,ELEC-006: Insufficiently Automatic Presidential-Transition Procedures,areas/ELEC/issues/ELEC-006.md,Developed,High,kind: proposal; area: ELEC; stage: developed; status: needs audit; priority: high,,https://github.com/Thorncrag/ARRP/issues/34,created
ELEC-007,proposal,ELEC-007: Improper Federal-Force Presence in Election Administration,areas/ELEC/issues/ELEC-007.md,Developed,High,kind: proposal; area: ELEC; stage: developed; status: needs audit; priority: high,,https://github.com/Thorncrag/ARRP/issues/35,created
ELEC-008,proposal,ELEC-008: Accountability for Coordinated Federal Election-Subversion Schemes,areas/ELEC/issues/ELEC-008.md,Developed,High,kind: proposal; area: ELEC; stage: developed; status: needs audit; priority: high,,https://github.com/Thorncrag/ARRP/issues/36,created
ELEC-009,proposal,ELEC-009: Electoral College Structure and National Popular Vote,areas/ELEC/issues/ELEC-009.md,Developed,High,kind: proposal; area: ELEC; stage: developed; status: needs audit; priority: high,,https://github.com/Thorncrag/ARRP/issues/37,created
ELEC-010,proposal,"ELEC-010: Mail-In Voting Access, Reliability, and Trust",areas/ELEC/issues/ELEC-010.md,Developed,High,kind: proposal; area: ELEC; stage: developed; status: needs audit; priority: high,,https://github.com/Thorncrag/ARRP/issues/38,created
ELEC-011,proposal,ELEC-011: Algorithmic Redistricting Baseline and Representation Safeguards,areas/ELEC/issues/ELEC-011.md,Developed,High,kind: proposal; area: ELEC; stage: developed; status: needs audit; priority: high,,https://github.com/Thorncrag/ARRP/issues/39,created
ELEC-012,proposal,"ELEC-012: Campaign Finance, Dark Money, and Corporate Political Spending",areas/ELEC/issues/ELEC-012.md,Candidate,High,kind: proposal; area: ELEC; stage: candidate; status: needs development; priority: high,,https://github.com/Thorncrag/ARRP/issues/40,created
ELEC-013,proposal,"ELEC-013: Federal Candidate Access, Ballot Access, and Debate Gatekeeping",areas/ELEC/issues/ELEC-013.md,Candidate,High,kind: proposal; area: ELEC; stage: candidate; status: needs development; priority: high,,https://github.com/Thorncrag/ARRP/issues/41,created
ELEC-015,proposal,ELEC-015: Ranked-Choice Voting and Majority-Choice Election Methods,areas/ELEC/issues/ELEC-015.md,Candidate,High,kind: proposal; area: ELEC; stage: candidate; status: needs development; priority: high,,https://github.com/Thorncrag/ARRP/issues/237,created
WAR-001,proposal,WAR-001: Comprehensive War Powers and Use-of-Force Authorization Reform,areas/WAR/issues/WAR-001.md,Developed,High,kind: proposal; area: WAR; stage: developed; status: needs audit; priority: high,,https://github.com/Thorncrag/ARRP/issues/42,created
JUD-001,proposal,JUD-001: Executive Dependence of Judicial Enforcement,areas/JUD/issues/JUD-001.md,Developed,High,kind: proposal; area: JUD; stage: developed; status: needs audit; priority: high,,https://github.com/Thorncrag/ARRP/issues/43,created
JUD-005,proposal,JUD-005: Weak or partisan congressional response to judicial defiance,areas/JUD/README.md,Candidate,High,kind: proposal; area: JUD; stage: candidate; status: needs development; priority: high,,https://github.com/Thorncrag/ARRP/issues/44,created
JUD-007,proposal,"JUD-007: Evasion through substitution, reorganization, or nominally revised directives",areas/JUD/README.md,Candidate,High,kind: proposal; area: JUD; stage: candidate; status: needs development; priority: high,,https://github.com/Thorncrag/ARRP/issues/45,created
JUD-008,proposal,JUD-008: Insufficient transparency and verification regarding compliance,areas/JUD/README.md,Candidate,High,kind: proposal; area: JUD; stage: candidate; status: needs development; priority: high,,https://github.com/Thorncrag/ARRP/issues/46,created
JUD-009,proposal,JUD-009: Appointer-President Recusal,areas/JUD/issues/JUD-009.md,Developed,High,kind: proposal; area: JUD; stage: developed; status: needs audit; priority: high,,https://github.com/Thorncrag/ARRP/issues/47,created
JUD-010,proposal,"JUD-010: Judicial Branch Capacity, Funding, and Emergency Docket Resilience",areas/JUD/README.md,Candidate,High,kind: proposal; area: JUD; stage: candidate; status: needs development; priority: high,,https://github.com/Thorncrag/ARRP/issues/48,created
PAR-001,proposal,PAR-001: Personal or political benefit,areas/PAR/README.md,Candidate,Medium,kind: proposal; area: PAR; stage: candidate; status: needs development; priority: medium,,https://github.com/Thorncrag/ARRP/issues/49,created
PAR-002,proposal,PAR-002: Obstruction or witness inducement,areas/PAR/README.md,Candidate,Medium,kind: proposal; area: PAR; stage: candidate; status: needs development; priority: medium,,https://github.com/Thorncrag/ARRP/issues/50,created
PAR-003,proposal,"PAR-003: Sale, brokerage, or monetization of pardons",areas/PAR/README.md,Candidate,Medium,kind: proposal; area: PAR; stage: candidate; status: needs development; priority: medium,,https://github.com/Thorncrag/ARRP/issues/51,created
PAR-004,proposal,PAR-004: Pardons benefiting the president or presidential interests,areas/PAR/README.md,Candidate,Medium,kind: proposal; area: PAR; stage: candidate; status: needs development; priority: medium,,https://github.com/Thorncrag/ARRP/issues/52,created
PAR-005,proposal,PAR-005: Self-pardon uncertainty,areas/PAR/README.md,Candidate,Medium,kind: proposal; area: PAR; stage: candidate; status: needs development; priority: medium,,https://github.com/Thorncrag/ARRP/issues/53,created
PAR-006,proposal,PAR-006: Bypass of professional clemency review,areas/PAR/README.md,Candidate,Medium,kind: proposal; area: PAR; stage: candidate; status: needs development; priority: medium,,https://github.com/Thorncrag/ARRP/issues/54,created
PAR-007,proposal,PAR-007: Inadequate transparency,areas/PAR/README.md,Candidate,Medium,kind: proposal; area: PAR; stage: candidate; status: needs development; priority: medium,,https://github.com/Thorncrag/ARRP/issues/55,created
PAR-008,proposal,PAR-008: Blanket or categorical pardons,areas/PAR/README.md,Candidate,Medium,kind: proposal; area: PAR; stage: candidate; status: needs development; priority: medium,,https://github.com/Thorncrag/ARRP/issues/56,created
PAR-009,proposal,PAR-009: Transition-period pardons,areas/PAR/README.md,Candidate,Medium,kind: proposal; area: PAR; stage: candidate; status: needs development; priority: medium,,https://github.com/Thorncrag/ARRP/issues/57,created
PAR-010,proposal,PAR-010: Weak remedies after corrupt use,areas/PAR/README.md,Candidate,Medium,kind: proposal; area: PAR; stage: candidate; status: needs development; priority: medium,,https://github.com/Thorncrag/ARRP/issues/58,created
EMOL-001,proposal,EMOL-001: Lack of mandatory divestment,areas/EMOL/README.md,Candidate,Medium,kind: proposal; area: EMOL; stage: candidate; status: needs development; priority: medium,,https://github.com/Thorncrag/ARRP/issues/59,created
EMOL-002,proposal,EMOL-002: Presidential exemption from ordinary conflict-of-interest law,areas/EMOL/README.md,Candidate,Medium,kind: proposal; area: EMOL; stage: candidate; status: needs development; priority: medium,,https://github.com/Thorncrag/ARRP/issues/60,created
EMOL-003,proposal,EMOL-003: Absence of a designated enforcement institution,areas/EMOL/README.md,Candidate,Medium,kind: proposal; area: EMOL; stage: candidate; status: needs development; priority: medium,,https://github.com/Thorncrag/ARRP/issues/61,created
EMOL-004,proposal,EMOL-004: Standing barriers,areas/EMOL/README.md,Candidate,Medium,kind: proposal; area: EMOL; stage: candidate; status: needs development; priority: medium,,https://github.com/Thorncrag/ARRP/issues/62,created
EMOL-005,proposal,EMOL-005: Uncertainty over the meaning of emolument,areas/EMOL/README.md,Candidate,Medium,kind: proposal; area: EMOL; stage: candidate; status: needs development; priority: medium,,https://github.com/Thorncrag/ARRP/issues/63,created
EMOL-006,proposal,EMOL-006: Benefits routed through business entities,areas/EMOL/README.md,Candidate,Medium,kind: proposal; area: EMOL; stage: candidate; status: needs development; priority: medium,,https://github.com/Thorncrag/ARRP/issues/64,created
EMOL-007,proposal,EMOL-007: Foreign-government patronage,areas/EMOL/README.md,Candidate,Medium,kind: proposal; area: EMOL; stage: candidate; status: needs development; priority: medium,,https://github.com/Thorncrag/ARRP/issues/65,created
EMOL-008,proposal,EMOL-008: Domestic-government spending at presidential businesses,areas/EMOL/README.md,Candidate,Medium,kind: proposal; area: EMOL; stage: candidate; status: needs development; priority: medium,,https://github.com/Thorncrag/ARRP/issues/66,created
EMOL-009,proposal,EMOL-009: Inadequate financial disclosure,areas/EMOL/README.md,Candidate,Medium,kind: proposal; area: EMOL; stage: candidate; status: needs development; priority: medium,,https://github.com/Thorncrag/ARRP/issues/67,created
EMOL-010,proposal,EMOL-010: Lack of an operational congressional-consent process,areas/EMOL/README.md,Candidate,Medium,kind: proposal; area: EMOL; stage: candidate; status: needs development; priority: medium,,https://github.com/Thorncrag/ARRP/issues/68,created
EMOL-011,proposal,EMOL-011: Remedies that arrive too late,areas/EMOL/README.md,Candidate,Medium,kind: proposal; area: EMOL; stage: candidate; status: needs development; priority: medium,,https://github.com/Thorncrag/ARRP/issues/69,created
EMOL-012,proposal,EMOL-012: Lack of effective disgorgement,areas/EMOL/README.md,Candidate,Medium,kind: proposal; area: EMOL; stage: candidate; status: needs development; priority: medium,,https://github.com/Thorncrag/ARRP/issues/70,created
EMOL-013,proposal,EMOL-013: Circumvention through family or affiliated entities,areas/EMOL/README.md,Candidate,Medium,kind: proposal; area: EMOL; stage: candidate; status: needs development; priority: medium,,https://github.com/Thorncrag/ARRP/issues/71,created
EMOL-014,proposal,EMOL-014: Dependence on impeachment or political restraint,areas/EMOL/README.md,Candidate,Medium,kind: proposal; area: EMOL; stage: candidate; status: needs development; priority: medium,,https://github.com/Thorncrag/ARRP/issues/72,created
EMOL-015,proposal,EMOL-015: Executive Self-Litigation and Settlement Conflicts,areas/EMOL/issues/EMOL-015.md,Developed,High,kind: proposal; area: EMOL; stage: developed; status: needs audit; priority: high,,https://github.com/Thorncrag/ARRP/issues/73,created
CLASS-001,proposal,CLASS-001: Undocumented presidential declassification,areas/CLASS/README.md,Candidate,Medium,kind: proposal; area: CLASS; stage: candidate; status: needs development; priority: medium,,https://github.com/Thorncrag/ARRP/issues/74,created
CLASS-002,proposal,CLASS-002: Confusion between declassification and lawful possession,areas/CLASS/README.md,Candidate,Medium,kind: proposal; area: CLASS; stage: candidate; status: needs development; priority: medium,,https://github.com/Thorncrag/ARRP/issues/75,created
CLASS-003,proposal,CLASS-003: Unclear statutory exceptions such as Restricted Data,areas/CLASS/README.md,Candidate,Medium,kind: proposal; area: CLASS; stage: candidate; status: needs development; priority: medium,,https://github.com/Thorncrag/ARRP/issues/76,created
CLASS-004,proposal,CLASS-004: Classification used to conceal misconduct or embarrassment,areas/CLASS/README.md,Candidate,Medium,kind: proposal; area: CLASS; stage: candidate; status: needs development; priority: medium,,https://github.com/Thorncrag/ARRP/issues/77,created
CLASS-005,proposal,CLASS-005: Politically selective declassification,areas/CLASS/README.md,Candidate,Medium,kind: proposal; area: CLASS; stage: candidate; status: needs development; priority: medium,,https://github.com/Thorncrag/ARRP/issues/78,created
CLASS-006,proposal,CLASS-006: Inadequate protection against exposure of intelligence sources and methods,areas/CLASS/README.md,Candidate,Medium,kind: proposal; area: CLASS; stage: candidate; status: needs development; priority: medium,,https://github.com/Thorncrag/ARRP/issues/79,created
CLASS-007,proposal,CLASS-007: Weak archival and agency implementation procedures,areas/CLASS/README.md,Candidate,Medium,kind: proposal; area: CLASS; stage: candidate; status: needs development; priority: medium,,https://github.com/Thorncrag/ARRP/issues/80,created
CLASS-008,proposal,CLASS-008: Overclassification and excessive secrecy,areas/CLASS/README.md,Candidate,Medium,kind: proposal; area: CLASS; stage: candidate; status: needs development; priority: medium,,https://github.com/Thorncrag/ARRP/issues/81,created
CLASS-009,proposal,CLASS-009: Insufficient congressional access and oversight,areas/CLASS/README.md,Candidate,Medium,kind: proposal; area: CLASS; stage: candidate; status: needs development; priority: medium,,https://github.com/Thorncrag/ARRP/issues/82,created
CLASS-010,proposal,CLASS-010: Limited external review and judicial remedies,areas/CLASS/README.md,Candidate,Medium,kind: proposal; area: CLASS; stage: candidate; status: needs development; priority: medium,,https://github.com/Thorncrag/ARRP/issues/83,created
CLASS-011,proposal,CLASS-011: Politicized security-clearance authority,areas/CLASS/README.md,Candidate,Medium,kind: proposal; area: CLASS; stage: candidate; status: needs development; priority: medium,,https://github.com/Thorncrag/ARRP/issues/84,created
CLASS-012,proposal,CLASS-012: Inconsistent accountability for unauthorized retention or disclosure,areas/CLASS/README.md,Candidate,Medium,kind: proposal; area: CLASS; stage: candidate; status: needs development; priority: medium,,https://github.com/Thorncrag/ARRP/issues/85,created
CIV-001,proposal,CIV-001: Political reclassification of career positions,areas/CIV/README.md,Candidate,High,kind: proposal; area: CIV; stage: candidate; status: needs development; priority: high,,https://github.com/Thorncrag/ARRP/issues/86,created
CIV-002,proposal,CIV-002: Removal or reassignment for disfavored professional judgments,areas/CIV/README.md,Candidate,High,kind: proposal; area: CIV; stage: candidate; status: needs development; priority: high,,https://github.com/Thorncrag/ARRP/issues/87,created
CIV-003,proposal,CIV-003: Loyalty tests and partisan hiring,areas/CIV/README.md,Candidate,High,kind: proposal; area: CIV; stage: candidate; status: needs development; priority: high,,https://github.com/Thorncrag/ARRP/issues/88,created
CIV-004,proposal,CIV-004: Weak protection for refusal of unlawful directives,areas/CIV/README.md,Candidate,High,kind: proposal; area: CIV; stage: candidate; status: needs development; priority: high,,https://github.com/Thorncrag/ARRP/issues/89,created
CIV-005,proposal,CIV-005: Loss of technical and institutional capacity,areas/CIV/README.md,Candidate,High,kind: proposal; area: CIV; stage: candidate; status: needs development; priority: high,,https://github.com/Thorncrag/ARRP/issues/90,created
CIV-006,proposal,CIV-006: Inadequate and delayed personnel remedies,areas/CIV/README.md,Candidate,High,kind: proposal; area: CIV; stage: candidate; status: needs development; priority: high,,https://github.com/Thorncrag/ARRP/issues/91,created
CIV-007,proposal,CIV-007: Politicized promotion and performance systems,areas/CIV/README.md,Candidate,High,kind: proposal; area: CIV; stage: candidate; status: needs development; priority: high,,https://github.com/Thorncrag/ARRP/issues/92,created
CIV-008,proposal,CIV-008: Mass reduction or hollowing of agency capacity,areas/CIV/README.md,Candidate,High,kind: proposal; area: CIV; stage: candidate; status: needs development; priority: high,,https://github.com/Thorncrag/ARRP/issues/93,created
CIV-009,proposal,CIV-009: Repurposed technical units as cross-agency operational control mechanisms,areas/CIV/README.md,Candidate,High,kind: proposal; area: CIV; stage: candidate; status: needs development; priority: high,,https://github.com/Thorncrag/ARRP/issues/94,created
OVS-001,proposal,OVS-001: Removal or intimidation of inspectors general,areas/OVS/README.md,Candidate,High,kind: proposal; area: OVS; stage: candidate; status: needs development; priority: high,,https://github.com/Thorncrag/ARRP/issues/95,created
OVS-002,proposal,OVS-002: Use of acting officials to weaken independence,areas/OVS/README.md,Candidate,High,kind: proposal; area: OVS; stage: candidate; status: needs development; priority: high,,https://github.com/Thorncrag/ARRP/issues/96,created
OVS-003,proposal,"OVS-003: Denial of records, access, or testimony",areas/OVS/README.md,Candidate,High,kind: proposal; area: OVS; stage: candidate; status: needs development; priority: high,,https://github.com/Thorncrag/ARRP/issues/97,created
OVS-004,proposal,OVS-004: Retaliation against whistleblowers,areas/OVS/README.md,Candidate,High,kind: proposal; area: OVS; stage: candidate; status: needs development; priority: high,,https://github.com/Thorncrag/ARRP/issues/98,created
OVS-005,proposal,OVS-005: Suppression or delay of reports,areas/OVS/README.md,Candidate,High,kind: proposal; area: OVS; stage: candidate; status: needs development; priority: high,,https://github.com/Thorncrag/ARRP/issues/99,created
OVS-006,proposal,OVS-006: Inability to enforce recommendations,areas/OVS/README.md,Candidate,High,kind: proposal; area: OVS; stage: candidate; status: needs development; priority: high,,https://github.com/Thorncrag/ARRP/issues/100,created
OVS-007,proposal,OVS-007: Weak congressional notification and follow-up,areas/OVS/README.md,Candidate,High,kind: proposal; area: OVS; stage: candidate; status: needs development; priority: high,,https://github.com/Thorncrag/ARRP/issues/101,created
OVS-008,proposal,OVS-008: Insufficient independence of internal ethics offices,areas/OVS/README.md,Candidate,High,kind: proposal; area: OVS; stage: candidate; status: needs development; priority: high,,https://github.com/Thorncrag/ARRP/issues/102,created
EMERG-001,proposal,EMERG-001: Open-ended national-emergency declarations,areas/EMERG/README.md,Candidate,High,kind: proposal; area: EMERG; stage: candidate; status: needs development; priority: high,,https://github.com/Thorncrag/ARRP/issues/103,created
EMERG-002,proposal,EMERG-002: Use of emergency authority to redirect appropriated funds,areas/EMERG/README.md,Candidate,High,kind: proposal; area: EMERG; stage: candidate; status: needs development; priority: high,,https://github.com/Thorncrag/ARRP/issues/104,created
EMERG-003,proposal,EMERG-003: Emergency economic powers used beyond immediate crises,areas/EMERG/README.md,Candidate,High,kind: proposal; area: EMERG; stage: candidate; status: needs development; priority: high,,https://github.com/Thorncrag/ARRP/issues/105,created
EMERG-004,proposal,EMERG-004: Border or immigration emergency declarations,areas/EMERG/README.md,Candidate,High,kind: proposal; area: EMERG; stage: candidate; status: needs development; priority: high,,https://github.com/Thorncrag/ARRP/issues/106,created
EMERG-005,proposal,EMERG-005: Weak congressional termination procedures,areas/EMERG/README.md,Candidate,High,kind: proposal; area: EMERG; stage: candidate; status: needs development; priority: high,,https://github.com/Thorncrag/ARRP/issues/107,created
EMERG-006,proposal,EMERG-006: Indefinite renewal of emergencies,areas/EMERG/README.md,Candidate,High,kind: proposal; area: EMERG; stage: candidate; status: needs development; priority: high,,https://github.com/Thorncrag/ARRP/issues/108,created
EMERG-007,proposal,EMERG-007: Insufficiently specific factual findings,areas/EMERG/README.md,Candidate,High,kind: proposal; area: EMERG; stage: candidate; status: needs development; priority: high,,https://github.com/Thorncrag/ARRP/issues/109,created
EMERG-008,proposal,EMERG-008: Delayed or deferential judicial review,areas/EMERG/README.md,Candidate,High,kind: proposal; area: EMERG; stage: candidate; status: needs development; priority: high,,https://github.com/Thorncrag/ARRP/issues/110,created
FUND-001,proposal,FUND-001: Addressing Executive Order Abuse,areas/FUND/issues/FUND-001.md,Developed,Medium,kind: proposal; area: FUND; stage: developed; status: needs audit; priority: medium,,https://github.com/Thorncrag/ARRP/issues/111,created
FUND-002,proposal,FUND-002: Pocket Rescissions and Strategic Delay,areas/FUND/issues/FUND-002.md,Candidate,Medium,kind: proposal; area: FUND; stage: candidate; status: needs development; priority: medium,,https://github.com/Thorncrag/ARRP/issues/112,created
FUND-003,proposal,FUND-003: Agency closure or program nullification through nonspending,areas/FUND/README.md,Candidate,Medium,kind: proposal; area: FUND; stage: candidate; status: needs development; priority: medium,,https://github.com/Thorncrag/ARRP/issues/113,created
FUND-004,proposal,FUND-004: Politically selective withholding of grants or aid,areas/FUND/README.md,Candidate,Medium,kind: proposal; area: FUND; stage: candidate; status: needs development; priority: medium,,https://github.com/Thorncrag/ARRP/issues/114,created
FUND-005,proposal,FUND-005: Reprogramming beyond congressional intent,areas/FUND/README.md,Candidate,Medium,kind: proposal; area: FUND; stage: candidate; status: needs development; priority: medium,,https://github.com/Thorncrag/ARRP/issues/115,created
FUND-006,proposal,FUND-006: Weak standing and remedies,areas/FUND/README.md,Candidate,Medium,kind: proposal; area: FUND; stage: candidate; status: needs development; priority: medium,,https://github.com/Thorncrag/ARRP/issues/116,created
FUND-007,proposal,FUND-007: Insufficient personal accountability,areas/FUND/README.md,Candidate,Medium,kind: proposal; area: FUND; stage: candidate; status: needs development; priority: medium,,https://github.com/Thorncrag/ARRP/issues/117,created
FUND-008,proposal,FUND-008: Inadequate real-time reporting to Congress and GAO,areas/FUND/README.md,Candidate,Medium,kind: proposal; area: FUND; stage: candidate; status: needs development; priority: medium,,https://github.com/Thorncrag/ARRP/issues/118,created
APPT-001,proposal,APPT-001: Excessive reliance on acting officials,areas/APPT/README.md,Candidate,Medium,kind: proposal; area: APPT; stage: candidate; status: needs development; priority: medium,,https://github.com/Thorncrag/ARRP/issues/119,created
APPT-002,proposal,APPT-002: Evasion of the Federal Vacancies Reform Act,areas/APPT/README.md,Candidate,Medium,kind: proposal; area: APPT; stage: candidate; status: needs development; priority: medium,,https://github.com/Thorncrag/ARRP/issues/120,created
APPT-003,proposal,APPT-003: Delegation around expired acting service,areas/APPT/README.md,Candidate,Medium,kind: proposal; area: APPT; stage: candidate; status: needs development; priority: medium,,https://github.com/Thorncrag/ARRP/issues/121,created
APPT-004,proposal,APPT-004: Installation of insufficiently vetted loyalists,areas/APPT/README.md,Candidate,Medium,kind: proposal; area: APPT; stage: candidate; status: needs development; priority: medium,,https://github.com/Thorncrag/ARRP/issues/122,created
APPT-005,proposal,APPT-005: Removal and replacement of confirmed officers,areas/APPT/README.md,Candidate,Medium,kind: proposal; area: APPT; stage: candidate; status: needs development; priority: medium,,https://github.com/Thorncrag/ARRP/issues/123,created
APPT-006,proposal,APPT-006: Manipulation of office titles and duties,areas/APPT/README.md,Candidate,Medium,kind: proposal; area: APPT; stage: candidate; status: needs development; priority: medium,,https://github.com/Thorncrag/ARRP/issues/124,created
APPT-007,proposal,APPT-007: Weak consequences for unlawful service,areas/APPT/README.md,Candidate,Medium,kind: proposal; area: APPT; stage: candidate; status: needs development; priority: medium,,https://github.com/Thorncrag/ARRP/issues/125,created
APPT-008,proposal,APPT-008: Inadequate transparency concerning succession and authority,areas/APPT/README.md,Candidate,Medium,kind: proposal; area: APPT; stage: candidate; status: needs development; priority: medium,,https://github.com/Thorncrag/ARRP/issues/126,created
REC-001,proposal,REC-001: Removal or concealment of presidential records,areas/REC/README.md,Candidate,Medium,kind: proposal; area: REC; stage: candidate; status: needs development; priority: medium,,https://github.com/Thorncrag/ARRP/issues/127,created
REC-002,proposal,REC-002: Destruction or deletion of records,areas/REC/README.md,Candidate,Medium,kind: proposal; area: REC; stage: candidate; status: needs development; priority: medium,,https://github.com/Thorncrag/ARRP/issues/128,created
REC-003,proposal,REC-003: Use of private messaging or unofficial systems,areas/REC/README.md,Candidate,Medium,kind: proposal; area: REC; stage: candidate; status: needs development; priority: medium,,https://github.com/Thorncrag/ARRP/issues/129,created
REC-004,proposal,REC-004: Weak National Archives enforcement authority,areas/REC/README.md,Candidate,Medium,kind: proposal; area: REC; stage: candidate; status: needs development; priority: medium,,https://github.com/Thorncrag/ARRP/issues/130,created
REC-005,proposal,REC-005: Delayed litigation and recovery,areas/REC/README.md,Candidate,Medium,kind: proposal; area: REC; stage: candidate; status: needs development; priority: medium,,https://github.com/Thorncrag/ARRP/issues/131,created
REC-006,proposal,"REC-006: Preservation of websites, datasets, and digital records",areas/REC/README.md,Candidate,Medium,kind: proposal; area: REC; stage: candidate; status: needs development; priority: medium,,https://github.com/Thorncrag/ARRP/issues/132,created
REC-007,proposal,REC-007: Ambiguous separation of personal and presidential records,areas/REC/README.md,Candidate,Medium,kind: proposal; area: REC; stage: candidate; status: needs development; priority: medium,,https://github.com/Thorncrag/ARRP/issues/133,created
REC-008,proposal,REC-008: Insufficient transition-period custody controls,areas/REC/README.md,Candidate,Medium,kind: proposal; area: REC; stage: candidate; status: needs development; priority: medium,,https://github.com/Thorncrag/ARRP/issues/134,created
DOM-001,proposal,DOM-001: Overbroad Insurrection Act authority,areas/DOM/README.md,Candidate,Medium,kind: proposal; area: DOM; stage: candidate; status: needs development; priority: medium,,https://github.com/Thorncrag/ARRP/issues/135,created
DOM-002,proposal,DOM-002: Ambiguity in Posse Comitatus limitations,areas/DOM/README.md,Candidate,Medium,kind: proposal; area: DOM; stage: candidate; status: needs development; priority: medium,,https://github.com/Thorncrag/ARRP/issues/136,created
DOM-003,proposal,DOM-003: Federalization of the National Guard over state objection,areas/DOM/README.md,Candidate,Medium,kind: proposal; area: DOM; stage: candidate; status: needs development; priority: medium,,https://github.com/Thorncrag/ARRP/issues/137,created
DOM-004,proposal,DOM-004: Deployment around protests or elections,areas/DOM/README.md,Candidate,Medium,kind: proposal; area: DOM; stage: candidate; status: needs development; priority: medium,,https://github.com/Thorncrag/ARRP/issues/138,created
DOM-005,proposal,DOM-005: Unidentified or inadequately accountable federal forces,areas/DOM/README.md,Candidate,Medium,kind: proposal; area: DOM; stage: candidate; status: needs development; priority: medium,,https://github.com/Thorncrag/ARRP/issues/139,created
DOM-006,proposal,DOM-006: Federal-property authority used as a pretext for broader operations,areas/DOM/README.md,Candidate,Medium,kind: proposal; area: DOM; stage: candidate; status: needs development; priority: medium,,https://github.com/Thorncrag/ARRP/issues/140,created
DOM-007,proposal,DOM-007: Domestic military intelligence activity,areas/DOM/README.md,Candidate,Medium,kind: proposal; area: DOM; stage: candidate; status: needs development; priority: medium,,https://github.com/Thorncrag/ARRP/issues/141,created
DOM-008,proposal,DOM-008: Insufficient expedited judicial review,areas/DOM/README.md,Candidate,Medium,kind: proposal; area: DOM; stage: candidate; status: needs development; priority: medium,,https://github.com/Thorncrag/ARRP/issues/142,created
DOM-009,proposal,DOM-009: Federal Law-Enforcement Surveillance Procurement and Deployment,areas/DOM/issues/DOM-009.md,Candidate,High,kind: proposal; area: DOM; stage: candidate; status: needs development; priority: high,,https://github.com/Thorncrag/ARRP/issues/143,created
CONG-001,proposal,CONG-001: Weak enforcement of congressional subpoenas,areas/CONG/README.md,Candidate,High,kind: proposal; area: CONG; stage: candidate; status: needs development; priority: high,,https://github.com/Thorncrag/ARRP/issues/144,created
CONG-002,proposal,CONG-002: Overbroad executive-privilege claims,areas/CONG/README.md,Candidate,High,kind: proposal; area: CONG; stage: candidate; status: needs development; priority: high,,https://github.com/Thorncrag/ARRP/issues/145,created
CONG-003,proposal,CONG-003: Claims of testimonial immunity,areas/CONG/README.md,Candidate,High,kind: proposal; area: CONG; stage: candidate; status: needs development; priority: high,,https://github.com/Thorncrag/ARRP/issues/146,created
CONG-004,proposal,CONG-004: Delay through litigation,areas/CONG/README.md,Candidate,High,kind: proposal; area: CONG; stage: candidate; status: needs development; priority: high,,https://github.com/Thorncrag/ARRP/issues/147,created
CONG-005,proposal,CONG-005: Contempt referrals dependent on DOJ,areas/CONG/README.md,Candidate,High,kind: proposal; area: CONG; stage: candidate; status: needs development; priority: high,,https://github.com/Thorncrag/ARRP/issues/148,created
CONG-006,proposal,CONG-006: Lack of expedited judicial review,areas/CONG/README.md,Candidate,High,kind: proposal; area: CONG; stage: candidate; status: needs development; priority: high,,https://github.com/Thorncrag/ARRP/issues/149,created
CONG-007,proposal,CONG-007: Weak committee investigative capacity,areas/CONG/README.md,Candidate,High,kind: proposal; area: CONG; stage: candidate; status: needs development; priority: high,,https://github.com/Thorncrag/ARRP/issues/150,created
CONG-008,proposal,CONG-008: Partisan collapse of oversight under unified government,areas/CONG/README.md,Candidate,High,kind: proposal; area: CONG; stage: candidate; status: needs development; priority: high,,https://github.com/Thorncrag/ARRP/issues/151,created
IMM-001,proposal,IMM-001: Criminal Immunity for Presidential Official Acts,areas/IMM/issues/IMM-001.md,Developed,High,kind: proposal; area: IMM; stage: developed; status: needs audit; priority: high,,https://github.com/Thorncrag/ARRP/issues/152,created
IMM-002,proposal,IMM-002: Civil immunity and remedial gaps,areas/IMM/README.md,Candidate,High,kind: proposal; area: IMM; stage: candidate; status: needs development; priority: high,,https://github.com/Thorncrag/ARRP/issues/153,created
IMM-003,proposal,IMM-003: Statutes of limitation during presidential tenure,areas/IMM/README.md,Candidate,High,kind: proposal; area: IMM; stage: candidate; status: needs development; priority: high,,https://github.com/Thorncrag/ARRP/issues/154,created
IMM-004,proposal,IMM-004: Restrictions on evidentiary use of official conduct,areas/IMM/README.md,Candidate,High,kind: proposal; area: IMM; stage: candidate; status: needs development; priority: high,,https://github.com/Thorncrag/ARRP/issues/155,created
IMM-005,proposal,IMM-005: Delay as de facto immunity,areas/IMM/README.md,Candidate,High,kind: proposal; area: IMM; stage: candidate; status: needs development; priority: high,,https://github.com/Thorncrag/ARRP/issues/156,created
IMM-006,proposal,IMM-006: Relationship between impeachment and criminal liability,areas/IMM/README.md,Candidate,High,kind: proposal; area: IMM; stage: candidate; status: needs development; priority: high,,https://github.com/Thorncrag/ARRP/issues/157,created
IMM-007,proposal,IMM-007: Self-protective use of presidential powers,areas/IMM/README.md,Candidate,High,kind: proposal; area: IMM; stage: candidate; status: needs development; priority: high,,https://github.com/Thorncrag/ARRP/issues/158,created
IMM-008,proposal,IMM-008: Independent investigation and prosecution mechanisms,areas/IMM/README.md,Candidate,High,kind: proposal; area: IMM; stage: candidate; status: needs development; priority: high,,https://github.com/Thorncrag/ARRP/issues/159,created
REG-001,proposal,REG-001: Erosion of Removal Protections for Independent Agencies,areas/REG/issues/REG-001.md,Candidate,High,kind: proposal; area: REG; stage: candidate; status: needs development; priority: high,,https://github.com/Thorncrag/ARRP/issues/160,created
REG-002,proposal,REG-002: Politicized enforcement or nonenforcement,areas/REG/README.md,Candidate,Medium,kind: proposal; area: REG; stage: candidate; status: needs development; priority: medium,,https://github.com/Thorncrag/ARRP/issues/161,created
REG-003,proposal,REG-003: Control of administrative adjudication,areas/REG/README.md,Candidate,Medium,kind: proposal; area: REG; stage: candidate; status: needs development; priority: medium,,https://github.com/Thorncrag/ARRP/issues/162,created
REG-004,proposal,REG-004: Suspension or dismantling of agency operations,areas/REG/README.md,Candidate,Medium,kind: proposal; area: REG; stage: candidate; status: needs development; priority: medium,,https://github.com/Thorncrag/ARRP/issues/163,created
REG-005,proposal,REG-005: Manipulation of commissions through vacancies,areas/REG/README.md,Candidate,Medium,kind: proposal; area: REG; stage: candidate; status: needs development; priority: medium,,https://github.com/Thorncrag/ARRP/issues/164,created
REG-006,proposal,REG-006: Presidential control of rulemaking and legal positions,areas/REG/README.md,Candidate,Medium,kind: proposal; area: REG; stage: candidate; status: needs development; priority: medium,,https://github.com/Thorncrag/ARRP/issues/165,created
REG-007,proposal,REG-007: Threats to independent funding,areas/REG/README.md,Candidate,Medium,kind: proposal; area: REG; stage: candidate; status: needs development; priority: medium,,https://github.com/Thorncrag/ARRP/issues/166,created
REG-008,proposal,REG-008: Unclear constitutional design options after recent doctrine,areas/REG/README.md,Candidate,Medium,kind: proposal; area: REG; stage: candidate; status: needs development; priority: medium,,https://github.com/Thorncrag/ARRP/issues/167,created
FACT-001,proposal,FACT-001: Political review or alteration of scientific reports,areas/FACT/README.md,Candidate,High,kind: proposal; area: FACT; stage: candidate; status: needs development; priority: high,,https://github.com/Thorncrag/ARRP/issues/168,created
FACT-002,proposal,FACT-002: Removal or suppression of datasets,areas/FACT/README.md,Candidate,High,kind: proposal; area: FACT; stage: candidate; status: needs development; priority: high,,https://github.com/Thorncrag/ARRP/issues/169,created
FACT-003,proposal,FACT-003: Manipulation of publication schedules,areas/FACT/README.md,Candidate,High,kind: proposal; area: FACT; stage: candidate; status: needs development; priority: high,,https://github.com/Thorncrag/ARRP/issues/170,created
FACT-004,proposal,FACT-004: Interference with statistical agencies,areas/FACT/README.md,Candidate,High,kind: proposal; area: FACT; stage: candidate; status: needs development; priority: high,,https://github.com/Thorncrag/ARRP/issues/171,created
FACT-005,proposal,FACT-005: Censorship of agency terminology,areas/FACT/README.md,Candidate,High,kind: proposal; area: FACT; stage: candidate; status: needs development; priority: high,,https://github.com/Thorncrag/ARRP/issues/172,created
FACT-006,proposal,FACT-006: Suppression of unfavorable findings,areas/FACT/README.md,Candidate,High,kind: proposal; area: FACT; stage: candidate; status: needs development; priority: high,,https://github.com/Thorncrag/ARRP/issues/173,created
FACT-007,proposal,FACT-007: Political alteration of historical presentation,areas/FACT/README.md,Candidate,High,kind: proposal; area: FACT; stage: candidate; status: needs development; priority: high,,https://github.com/Thorncrag/ARRP/issues/174,created
FACT-008,proposal,FACT-008: Insufficient independent archival preservation and methodology protection,areas/FACT/README.md,Candidate,High,kind: proposal; area: FACT; stage: candidate; status: needs development; priority: high,,https://github.com/Thorncrag/ARRP/issues/175,created
FACT-009,proposal,"FACT-009: Misleading official terminology, titles, or institutional labels",areas/FACT/README.md,Candidate,High,kind: proposal; area: FACT; stage: candidate; status: needs development; priority: high,,https://github.com/Thorncrag/ARRP/issues/176,created
RET-001,proposal,RET-001: Politically motivated grant cancellation or withholding,areas/RET/README.md,Candidate,Medium,kind: proposal; area: RET; stage: candidate; status: needs development; priority: medium,,https://github.com/Thorncrag/ARRP/issues/177,created
RET-002,proposal,RET-002: Contracting favoritism or retaliation,areas/RET/README.md,Candidate,Medium,kind: proposal; area: RET; stage: candidate; status: needs development; priority: medium,,https://github.com/Thorncrag/ARRP/issues/178,created
RET-003,proposal,RET-003: Selective regulatory scrutiny,areas/RET/README.md,Candidate,Medium,kind: proposal; area: RET; stage: candidate; status: needs development; priority: medium,,https://github.com/Thorncrag/ARRP/issues/179,created
RET-004,proposal,RET-004: Licensing or approval pressure,areas/RET/README.md,Candidate,Medium,kind: proposal; area: RET; stage: candidate; status: needs development; priority: medium,,https://github.com/Thorncrag/ARRP/issues/180,created
RET-005,proposal,"RET-005: Antitrust, tax, or enforcement coercion",areas/RET/README.md,Candidate,Medium,kind: proposal; area: RET; stage: candidate; status: needs development; priority: medium,,https://github.com/Thorncrag/ARRP/issues/181,created
RET-006,proposal,"RET-006: Retaliation against universities, law firms, media, or businesses",areas/RET/README.md,Candidate,Medium,kind: proposal; area: RET; stage: candidate; status: needs development; priority: medium,,https://github.com/Thorncrag/ARRP/issues/182,created
RET-007,proposal,RET-007: Security-clearance or access retaliation,areas/RET/README.md,Candidate,Medium,kind: proposal; area: RET; stage: candidate; status: needs development; priority: medium,,https://github.com/Thorncrag/ARRP/issues/183,created
RET-008,proposal,RET-008: Weak emergency remedies and evidentiary transparency,areas/RET/README.md,Candidate,Medium,kind: proposal; area: RET; stage: candidate; status: needs development; priority: medium,,https://github.com/Thorncrag/ARRP/issues/184,created
FED-001,proposal,FED-001: Conditioning disaster or infrastructure aid,areas/FED/README.md,Candidate,Medium,kind: proposal; area: FED; stage: candidate; status: needs development; priority: medium,,https://github.com/Thorncrag/ARRP/issues/185,created
FED-002,proposal,FED-002: Selective enforcement against disfavored states,areas/FED/README.md,Candidate,Medium,kind: proposal; area: FED; stage: candidate; status: needs development; priority: medium,,https://github.com/Thorncrag/ARRP/issues/186,created
FED-003,proposal,FED-003: Coercive grant conditions,areas/FED/README.md,Candidate,Medium,kind: proposal; area: FED; stage: candidate; status: needs development; priority: medium,,https://github.com/Thorncrag/ARRP/issues/187,created
FED-004,proposal,FED-004: Federal takeover or displacement of state functions,areas/FED/README.md,Candidate,Medium,kind: proposal; area: FED; stage: candidate; status: needs development; priority: medium,,https://github.com/Thorncrag/ARRP/issues/188,created
FED-005,proposal,FED-005: Deployment of federal forces over state objection,areas/FED/README.md,Candidate,Medium,kind: proposal; area: FED; stage: candidate; status: needs development; priority: medium,,https://github.com/Thorncrag/ARRP/issues/189,created
FED-006,proposal,FED-006: Interference with state election systems,areas/FED/README.md,Candidate,Medium,kind: proposal; area: FED; stage: candidate; status: needs development; priority: medium,,https://github.com/Thorncrag/ARRP/issues/190,created
FED-007,proposal,FED-007: Retaliatory investigations or audits,areas/FED/README.md,Candidate,Medium,kind: proposal; area: FED; stage: candidate; status: needs development; priority: medium,,https://github.com/Thorncrag/ARRP/issues/191,created
FED-008,proposal,FED-008: Abuse of waiver and approval authority,areas/FED/README.md,Candidate,Medium,kind: proposal; area: FED; stage: candidate; status: needs development; priority: medium,,https://github.com/Thorncrag/ARRP/issues/192,created
FRB-001,proposal,FRB-001: Presidential pressure on interest-rate and monetary-policy decisions,areas/FRB/README.md,Candidate,Critical,kind: proposal; area: FRB; stage: candidate; status: needs development; priority: critical,,https://github.com/Thorncrag/ARRP/issues/193,created
FRB-002,proposal,FRB-002: Uncertain removal protection for Federal Reserve governors and leadership,areas/FRB/README.md,Candidate,High,kind: proposal; area: FRB; stage: candidate; status: needs development; priority: high,,https://github.com/Thorncrag/ARRP/issues/194,created
FRB-003,proposal,FRB-003: Politicized appointments and confirmations,areas/FRB/README.md,Candidate,High,kind: proposal; area: FRB; stage: candidate; status: needs development; priority: high,,https://github.com/Thorncrag/ARRP/issues/195,created
FRB-004,proposal,FRB-004: Manipulation through vacancies,areas/FRB/README.md,Candidate,Medium,kind: proposal; area: FRB; stage: candidate; status: needs development; priority: medium,,https://github.com/Thorncrag/ARRP/issues/196,created
FRB-005,proposal,FRB-005: Threats to financing and operational independence,areas/FRB/README.md,Candidate,High,kind: proposal; area: FRB; stage: candidate; status: needs development; priority: high,,https://github.com/Thorncrag/ARRP/issues/197,created
FRB-006,proposal,FRB-006: Political retaliation against Federal Reserve officials,areas/FRB/README.md,Candidate,High,kind: proposal; area: FRB; stage: candidate; status: needs development; priority: high,,https://github.com/Thorncrag/ARRP/issues/198,created
FRB-007,proposal,FRB-007: Pre-election monetary manipulation,areas/FRB/README.md,Candidate,Critical,kind: proposal; area: FRB; stage: candidate; status: needs development; priority: critical,,https://github.com/Thorncrag/ARRP/issues/199,created
FRB-008,proposal,FRB-008: Preservation of accountability alongside instrument independence,areas/FRB/README.md,Candidate,High,kind: proposal; area: FRB; stage: candidate; status: needs development; priority: high,,https://github.com/Thorncrag/ARRP/issues/200,created
PRESS-001,proposal,PRESS-001: Retaliatory denial of access,areas/PRESS/README.md,Candidate,High,kind: proposal; area: PRESS; stage: candidate; status: needs development; priority: high,,https://github.com/Thorncrag/ARRP/issues/201,created
PRESS-002,proposal,PRESS-002: Selective exclusion from government events and information,areas/PRESS/README.md,Candidate,High,kind: proposal; area: PRESS; stage: candidate; status: needs development; priority: high,,https://github.com/Thorncrag/ARRP/issues/202,created
PRESS-003,proposal,"PRESS-003: Misuse of investigations, subpoenas, surveillance, or source demands",areas/PRESS/README.md,Candidate,Critical,kind: proposal; area: PRESS; stage: candidate; status: needs development; priority: critical,,https://github.com/Thorncrag/ARRP/issues/203,created
PRESS-004,proposal,PRESS-004: Regulatory retaliation,areas/PRESS/README.md,Candidate,Critical,kind: proposal; area: PRESS; stage: candidate; status: needs development; priority: critical,,https://github.com/Thorncrag/ARRP/issues/204,created
PRESS-005,proposal,PRESS-005: Contracting and commercial pressure,areas/PRESS/README.md,Candidate,High,kind: proposal; area: PRESS; stage: candidate; status: needs development; priority: high,,https://github.com/Thorncrag/ARRP/issues/205,created
PRESS-006,proposal,PRESS-006: Misuse of official power to threaten or punish reporting,areas/PRESS/README.md,Candidate,High,kind: proposal; area: PRESS; stage: candidate; status: needs development; priority: high,,https://github.com/Thorncrag/ARRP/issues/206,created
PRESS-007,proposal,PRESS-007: Manipulation of the factual record,areas/PRESS/README.md,Candidate,Critical,kind: proposal; area: PRESS; stage: candidate; status: needs development; priority: critical,,https://github.com/Thorncrag/ARRP/issues/207,created
PRESS-008,proposal,PRESS-008: Delegitimization combined with governmental coercive power,areas/PRESS/README.md,Candidate,High,kind: proposal; area: PRESS; stage: candidate; status: needs development; priority: high,,https://github.com/Thorncrag/ARRP/issues/208,created
PRESS-009,proposal,PRESS-009: Weak protection for confidential sources,areas/PRESS/README.md,Candidate,High,kind: proposal; area: PRESS; stage: candidate; status: needs development; priority: high,,https://github.com/Thorncrag/ARRP/issues/209,created
PRESS-010,proposal,PRESS-010: Public-broadcasting and funding retaliation,areas/PRESS/README.md,Candidate,High,kind: proposal; area: PRESS; stage: candidate; status: needs development; priority: high,,https://github.com/Thorncrag/ARRP/issues/210,created
PRESS-011,proposal,PRESS-011: Discriminatory taxation or financial burdens,areas/PRESS/README.md,Candidate,High,kind: proposal; area: PRESS; stage: candidate; status: needs development; priority: high,,https://github.com/Thorncrag/ARRP/issues/211,created
PRESS-012,proposal,PRESS-012: Lack of rapid remedies for time-sensitive press disputes,areas/PRESS/README.md,Candidate,High,kind: proposal; area: PRESS; stage: candidate; status: needs development; priority: high,,https://github.com/Thorncrag/ARRP/issues/212,created
HER-001,proposal,HER-001: Unilateral alteration or demolition of the White House and other nationally significant federal historic property,areas/HER/README.md,Candidate,High,kind: proposal; area: HER; stage: candidate; status: needs development; priority: high,,https://github.com/Thorncrag/ARRP/issues/213,created
HER-002,proposal,"HER-002: Bypass of historic-preservation, planning, arts-commission, environmental, or public-comment review",areas/HER/README.md,Candidate,High,kind: proposal; area: HER; stage: candidate; status: needs development; priority: high,,https://github.com/Thorncrag/ARRP/issues/214,created
HER-003,proposal,HER-003: Privately funded or donor-influenced alteration of federal civic property,areas/HER/README.md,Candidate,High,kind: proposal; area: HER; stage: candidate; status: needs development; priority: high,,https://github.com/Thorncrag/ARRP/issues/215,created
HER-004,proposal,"HER-004: Manipulation of planning, preservation, or fine-arts review bodies",areas/HER/README.md,Candidate,Medium,kind: proposal; area: HER; stage: candidate; status: needs development; priority: medium,,https://github.com/Thorncrag/ARRP/issues/216,created
HER-005,proposal,"HER-005: Security, emergency, or operational-necessity claims used to evade ordinary civic-heritage safeguards",areas/HER/README.md,Candidate,Medium,kind: proposal; area: HER; stage: candidate; status: needs development; priority: medium,,https://github.com/Thorncrag/ARRP/issues/217,created
HER-006,proposal,"HER-006: Removal or alteration of commemorative landscapes, trees, interiors, fixtures, and interpretive features",areas/HER/README.md,Candidate,Medium,kind: proposal; area: HER; stage: candidate; status: needs development; priority: medium,,https://github.com/Thorncrag/ARRP/issues/218,created
HER-007,proposal,"HER-007: Insufficient notice, documentation, public review, and congressional consultation before irreversible work",areas/HER/README.md,Candidate,High,kind: proposal; area: HER; stage: candidate; status: needs development; priority: high,,https://github.com/Thorncrag/ARRP/issues/219,created
HER-008,proposal,"HER-008: Weak remedies after demolition, construction, donor expenditure, or physical alteration is substantially complete",areas/HER/README.md,Candidate,High,kind: proposal; area: HER; stage: candidate; status: needs development; priority: high,,https://github.com/Thorncrag/ARRP/issues/220,created
RIGHTS-001,proposal,"RIGHTS-001: Civil-Rights Administration, Identity Records, and Federal Definition Control",areas/RIGHTS/issues/RIGHTS-001.md,Candidate,High,kind: proposal; area: RIGHTS; stage: candidate; status: needs development; priority: high,,https://github.com/Thorncrag/ARRP/issues/221,created
RIGHTS-002,proposal,"RIGHTS-002: Temporary Protected Status, Asylum Access, and Humanitarian Reviewability",areas/RIGHTS/issues/RIGHTS-002.md,Candidate,High,kind: proposal; area: RIGHTS; stage: candidate; status: needs development; priority: high,,https://github.com/Thorncrag/ARRP/issues/222,created
RIGHTS-003,proposal,RIGHTS-003: Birthright Citizenship Statutory Recognition and Federal Identity Records,areas/RIGHTS/issues/RIGHTS-003.md,Candidate,High,kind: proposal; area: RIGHTS; stage: candidate; status: needs development; priority: high,,https://github.com/Thorncrag/ARRP/issues/223,created
RIGHTS-004,proposal,"RIGHTS-004: Comprehensive Immigration Reform, Removal Due Process, and Immigration System Integrity",areas/RIGHTS/issues/RIGHTS-004.md,Candidate,High,kind: proposal; area: RIGHTS; stage: candidate; status: needs development; priority: high,,https://github.com/Thorncrag/ARRP/issues/238,created
HOR-010,horizon,HOR-010: Immigration-courthouse arrests and courthouse-access chilling after reversal of the sensit...,framework/HORIZON_SCAN_LOG.md,Active horizon candidate,,kind: horizon; area: DOM; status: needs sources,,https://github.com/Thorncrag/ARRP/issues/15,created
HOR-018,horizon,"HOR-018: Unilateral executive dismantling, absorption, or functional nullification of congressional...",framework/HORIZON_SCAN_LOG.md,Active horizon candidate,,kind: horizon; area: REG; status: needs sources,,https://github.com/Thorncrag/ARRP/issues/16,created
HOR-019,horizon,"HOR-019: Supreme Court size, membership structure, and judicial-capacity reform as possible respons...",framework/HORIZON_SCAN_LOG.md,Active horizon candidate,,kind: horizon; area: JUD; status: needs sources,,https://github.com/Thorncrag/ARRP/issues/17,created
HOR-020,horizon,"HOR-020: District of Columbia statehood, congressional representation, home-rule vulnerability, and...",framework/HORIZON_SCAN_LOG.md,Active horizon candidate,,kind: horizon; area: ELEC; area: FED; status: needs sources,,https://github.com/Thorncrag/ARRP/issues/18,created
HOR-021,horizon,"HOR-021: Puerto Rico political-status resolution, statehood or nonterritorial self-determination, a...",framework/HORIZON_SCAN_LOG.md,Active horizon candidate,,kind: horizon; area: ELEC; area: FED; status: needs sources,,https://github.com/Thorncrag/ARRP/issues/19,created
HOR-022,horizon,HOR-022: Qualified immunity and related remedial barriers for law-enforcement constitutional violat...,framework/HORIZON_SCAN_LOG.md,Active horizon candidate,,kind: horizon; area: RIGHTS; area: DOM; status: needs sources,,https://github.com/Thorncrag/ARRP/issues/20,created
HOR-023,horizon,HOR-023: Foreign Election Interference and Campaign Counterintelligence Safeguards,framework/HORIZON_SCAN_LOG.md,Active horizon candidate,,kind: horizon,,https://github.com/Thorncrag/ARRP/issues/234,created
HOR-024,horizon,HOR-024: CFPB Operational Dismantling and Funding Leverage,framework/HORIZON_SCAN_LOG.md,Active horizon candidate,,kind: horizon,,https://github.com/Thorncrag/ARRP/issues/235,created
