Source ID,Associated Record IDs,Source Type,Authority / Publisher,Title or Description,Date,URL,Proposition Supported,Reliability Tier,Reviewed?,Notes
SRC-0001,A-23,News Reporting,Associated Press,"*White House East Wing demolished as Trump moves forward with ballroom construction, AP photos show*","Oct. 23, 2025",https://apnews.com/article/57512e0d91432f75529946fddfbfe2c5,Captured from existing project citation; verify against cited context before final publication.,Secondary,No,areas/a-23-federal-historic-property-and-civic-heritage/README.md:34 (Source-Development Notes)
SRC-0002,ELEC-003,News Reporting,Associated Press,"Associated Press, May 29, 2025",,https://apnews.com/article/a50f82a9fbad6ebf72eafef189a06f38,Captured from existing project citation; verify against cited context before final publication.,Secondary,No,areas/a-02-election-integrity/issues/ELEC-003.md:34 (Threats against bipartisan Arizona election officials — 2021–2025)
SRC-0003,JUD-001,News Reporting,Associated Press,"Associated Press, April 2025",,https://apnews.com/article/b844a1e652cf639be5b4400ae735003f,Captured from existing project citation; verify against cited context before final publication.,Secondary,No,areas/a-04-judicial-independence-and-enforcement/issues/JUD-001.md:40 (Abrego Garcia - inability to identify and execute return obligations after wrongful removal)
SRC-0004,JUD-001,News Reporting,Associated Press,"Associated Press, June 24, 2025",,https://apnews.com/article/df8ccaa328a35334c06aa9655ae005eb,Captured from existing project citation; verify against cited context before final publication.,Secondary,No,areas/a-04-judicial-independence-and-enforcement/issues/JUD-001.md:46 (Melgar-Salmeron - removal after appellate stay and later return order)
SRC-0005,ELEC-010,News Reporting,Associated Press,"*Yes, voter fraud happens. But it's rare and election offices have safeguards to catch it*","Oct. 3, 2024",https://apnews.com/article/election-2024-voter-fraud-trump-harris-a3b4c2db17217311770259193c115b80,Captured from existing project citation; verify against cited context before final publication.,Secondary,No,areas/a-02-election-integrity/issues/ELEC-010.md:61 (Delegitimization of lawful mail ballots); areas/a-02-election-integrity/issues/ELEC-010.md:196 (Source Notes)
SRC-0006,ELEC-010,News Reporting,Axios,"*Texas tossed out 13% of mail ballots in March primary election, AP finds*","Mar. 16, 2022",https://www.axios.com/2022/03/16/texas-mail-ballots-voting,Captured from existing project citation; verify against cited context before final publication.,Secondary,No,areas/a-02-election-integrity/issues/ELEC-010.md:49 (Uneven signature verification and cure rules); areas/a-02-election-integrity/issues/ELEC-010.md:193 (Source Notes)
SRC-0007,ELEC-003,News Reporting,Axios,summary of fourth-hearing testimony,,https://www.axios.com/2022/06/21/jan-6-hearing-violence-threats,Captured from existing project citation; verify against cited context before final publication.,Secondary,No,areas/a-02-election-integrity/issues/ELEC-003.md:42 (Doxxing and family-directed retaliation against senior election officials — 2020)
SRC-0008,ELEC-010,News Reporting,Axios,*First look: Klobuchar introduces election mail bill*,"July 1, 2022",https://www.axios.com/2022/07/01/klobuchar-introduces-election-mail-bill,Captured from existing project citation; verify against cited context before final publication.,Secondary,No,areas/a-02-election-integrity/issues/ELEC-010.md:134 (Proposal Survey); areas/a-02-election-integrity/issues/ELEC-010.md:183 (Source Notes)
SRC-0009,ELEC-010,News Reporting,Axios,"*USPS: ""Don't delay"" in returning mail-in ballots*","Oct. 28, 2024",https://www.axios.com/2024/10/28/usps-mail-in-ballot-2024-election,Captured from existing project citation; verify against cited context before final publication.,Secondary,No,areas/a-02-election-integrity/issues/ELEC-010.md:33 (Deadline design and the USPS advisory problem); areas/a-02-election-integrity/issues/ELEC-010.md:182 (Source Notes)
SRC-0010,ELEC-010,Bill or Public Law,Congress.gov,"H.R. 1604, 111th Cong.; H.R. 1604, 111th Congress, Universal Right to Vote by Mail Act of 2009",,https://www.congress.gov/bill/111th-congress/house-bill/1604,Captured from existing project citation; verify against cited context before final publication.,Primary,No,areas/a-02-election-integrity/issues/ELEC-010.md:138 (Proposal Survey); areas/a-02-election-integrity/issues/ELEC-010.md:186 (Source Notes)
SRC-0011,ELEC-010,Bill or Public Law,Congress.gov,"H.R. 2510, 111th Cong.; H.R. 2510, 111th Congress, Absentee Ballot Track, Receive, and Confirm Act",,https://www.congress.gov/bill/111th-congress/house-bill/2510,Captured from existing project citation; verify against cited context before final publication.,Primary,No,areas/a-02-election-integrity/issues/ELEC-010.md:138 (Proposal Survey); areas/a-02-election-integrity/issues/ELEC-010.md:187 (Source Notes)
SRC-0012,ELEC-010,Bill or Public Law,Congress.gov,"H.R. 1, 117th Cong.; H.R. 1, 117th Congress, For the People Act of 2021",,https://www.congress.gov/bill/117th-congress/house-bill/1,Captured from existing project citation; verify against cited context before final publication.,Primary,No,areas/a-02-election-integrity/issues/ELEC-010.md:136 (Proposal Survey); areas/a-02-election-integrity/issues/ELEC-010.md:184 (Source Notes)
SRC-0013,ELEC-002; ELEC-004; ELEC-006; ELEC-008; ELEC-009,Bill or Public Law,Congress.gov,"Pub. L. No. 117-328, div. P",,https://www.congress.gov/bill/117th-congress/house-bill/2617,Captured from existing project citation; verify against cited context before final publication.,Primary,No,areas/a-02-election-integrity/issues/ELEC-002.md:85 (Proposal Survey); areas/a-02-election-integrity/issues/ELEC-004.md:110 (Proposal Survey); areas/a-02-election-integrity/issues/ELEC-006.md:81 (Proposal Survey); areas/a-02-election-integrity/issues/ELEC-008.md:180 (Proposal Survey); +1 more locations
SRC-0014,ELEC-010,Bill or Public Law,Congress.gov,"S. 2747, 117th Cong.; S. 2747, 117th Congress, Freedom to Vote Act",,https://www.congress.gov/bill/117th-congress/senate-bill/2747,Captured from existing project citation; verify against cited context before final publication.,Primary,No,areas/a-02-election-integrity/issues/ELEC-010.md:136 (Proposal Survey); areas/a-02-election-integrity/issues/ELEC-010.md:185 (Source Notes)
SRC-0015,ELEC-010,Bill or Public Law,Congress.gov,"H.R. 4563, 118th Cong.; H.R. 4563, 118th Congress, American Confidence in Elections Act","Jan. 29, 2026",https://www.congress.gov/bill/118th-congress/house-bill/4563,Captured from existing project citation; verify against cited context before final publication.,Primary,No,areas/a-02-election-integrity/issues/ELEC-010.md:142 (Proposal Survey); areas/a-02-election-integrity/issues/ELEC-010.md:190 (Source Notes)
SRC-0016,ELEC-010,Bill or Public Law,Congress.gov,"H.R. 22, 119th Cong.; H.R. 22, 119th Congress, SAVE Act","Mar. 13, 2026",https://www.congress.gov/bill/119th-congress/house-bill/22,Captured from existing project citation; verify against cited context before final publication.,Primary,No,areas/a-02-election-integrity/issues/ELEC-010.md:140 (Proposal Survey); areas/a-02-election-integrity/issues/ELEC-010.md:188 (Source Notes)
SRC-0017,ELEC-010,Bill or Public Law,Congress.gov,"H.R. 7300, 119th Cong.; H.R. 7300, 119th Congress, Make Elections Great Again Act","Jan. 29, 2026",https://www.congress.gov/bill/119th-congress/house-bill/7300,Captured from existing project citation; verify against cited context before final publication.,Primary,No,areas/a-02-election-integrity/issues/ELEC-010.md:142 (Proposal Survey); areas/a-02-election-integrity/issues/ELEC-010.md:191 (Source Notes)
SRC-0018,ELEC-009,Constitutional Source,Congress.gov Constitution Annotated,Twelfth Amendment,,https://constitution.congress.gov/browse/amendment-12/,Captured from existing project citation; verify against cited context before final publication.,Primary,No,legislation/ELEC-009.md:66 (Source Notes)
SRC-0019,ELEC-009,Constitutional Source,Congress.gov Constitution Annotated,Twentieth Amendment,,https://constitution.congress.gov/browse/amendment-20/,Captured from existing project citation; verify against cited context before final publication.,Primary,No,legislation/ELEC-009.md:66 (Source Notes)
SRC-0020,ELEC-009,Constitutional Source,Congress.gov Constitution Annotated,Twenty-Third Amendment,,https://constitution.congress.gov/browse/amendment-23/,Captured from existing project citation; verify against cited context before final publication.,Primary,No,legislation/ELEC-009.md:66 (Source Notes)
SRC-0021,WAR-001,Constitutional Source,Congress.gov Constitution Annotated,Article I,,https://constitution.congress.gov/browse/article-1/,Captured from existing project citation; verify against cited context before final publication.,Primary,No,legislation/WAR-001.md:412 (Source Notes)
SRC-0022,IMM-001,Constitutional Source,Congress.gov Constitution Annotated,"Article I, Section 2",,https://constitution.congress.gov/browse/article-1/section-2/,Captured from existing project citation; verify against cited context before final publication.,Primary,No,legislation/IMM-001.md:62 (Source Notes)
SRC-0023,IMM-001,Constitutional Source,Congress.gov Constitution Annotated,"Article I, Section 3",,https://constitution.congress.gov/browse/article-1/section-3/,Captured from existing project citation; verify against cited context before final publication.,Primary,No,legislation/IMM-001.md:62 (Source Notes)
SRC-0024,ELEC-008,Constitutional Source,Congress.gov Constitution Annotated,Speech or Debate Clause,,https://constitution.congress.gov/browse/article-1/section-6/clause-1/,Captured from existing project citation; verify against cited context before final publication.,Primary,No,legislation/ELEC-008.md:487 (Source Notes)
SRC-0025,IMM-001; WAR-001,Constitutional Source,Congress.gov Constitution Annotated,Article II,,https://constitution.congress.gov/browse/article-2/,Captured from existing project citation; verify against cited context before final publication.,Primary,No,legislation/IMM-001.md:62 (Source Notes); legislation/WAR-001.md:412 (Source Notes)
SRC-0026,ELEC-009,Constitutional Source,Congress.gov Constitution Annotated,"Article II, Section 1",,https://constitution.congress.gov/browse/article-2/section-1/,Captured from existing project citation; verify against cited context before final publication.,Primary,No,legislation/ELEC-009.md:66 (Source Notes)
SRC-0027,JUD-001,Judiciary Publication,Defender Services Office,"Defender Services Office, March 17, 2026",,https://www.fd.org/news/federal-judge-ejects-prosecutor-court-orders-bosses-testify,Captured from existing project citation; verify against cited context before final publication.,Secondary,No,areas/a-04-judicial-independence-and-enforcement/issues/JUD-001.md:52 (New Jersey U.S. Attorney's Office leadership dispute - courtroom authority and chain-of-command confusion)
SRC-0028,A-08,Executive Action,Federal Register,"Executive Order 14158, 90 Fed. Reg. 8441 (Jan. 29, 2025)","Jan. 29, 2025",https://www.federalregister.gov/documents/2025/01/29/2025-02005/establishing-and-implementing-the-presidents-department-of-government-efficiency,Captured from existing project citation; verify against cited context before final publication.,Primary,No,areas/a-08-civil-service-and-professional-administration/README.md:28 (Issue Boundaries)
SRC-0029,A-12,Executive Action,Federal Register,"Executive Order 14347, 90 Fed. Reg. 43893 (Sept. 10, 2025)","Sept. 10, 2025",https://www.federalregister.gov/documents/2025/09/10/2025-17508/restoring-the-united-states-department-of-war,Captured from existing project citation; verify against cited context before final publication.,Primary,No,areas/a-12-appointments-acting-officials-and-senate-confirmation/README.md:27 (Issue Boundaries)
SRC-0030,ELEC-010,State Legislation,Georgia General Assembly,"S.B. 202, 2021-2022 Reg. Sess.","Feb. 3, 2022",https://www.legis.ga.gov/api/legislation/document/20212022/201121,Captured from existing project citation; verify against cited context before final publication.,Primary,No,areas/a-02-election-integrity/issues/ELEC-010.md:144 (Proposal Survey); areas/a-02-election-integrity/issues/ELEC-010.md:197 (Source Notes)
SRC-0031,ELEC-006,Government Publication,GovInfo,statutory compilation,,https://www.govinfo.gov/content/pkg/COMPS-1612/pdf/COMPS-1612.pdf,Captured from existing project citation; verify against cited context before final publication.,Primary,No,legislation/ELEC-006.md:306 (Source Notes)
SRC-0032,ELEC-003,Government Publication,GovInfo,fourth public hearing materials and testimony,,https://www.govinfo.gov/content/pkg/GPO-J6-REPORT/pdf/GPO-J6-REPORT.pdf,Captured from existing project citation; verify against cited context before final publication.,Primary,No,"areas/a-02-election-integrity/issues/ELEC-003.md:30 (Ruby Freeman and Shaye Moss — Georgia, 2020–2022)"
SRC-0033,WAR-001,Government Publication,GovInfo,Public Law 107-243,,https://www.govinfo.gov/content/pkg/PLAW-107publ243/pdf/PLAW-107publ243.pdf,Captured from existing project citation; verify against cited context before final publication.,Primary,No,legislation/WAR-001.md:412 (Source Notes)
SRC-0034,WAR-001,Government Publication,GovInfo,Public Law 107-40,,https://www.govinfo.gov/content/pkg/PLAW-107publ40/pdf/PLAW-107publ40.pdf,Captured from existing project citation; verify against cited context before final publication.,Primary,No,legislation/WAR-001.md:412 (Source Notes)
SRC-0035,DOJ-007,Court Opinion,Justia U.S. Supreme Court,487 U.S. 654 (1988); Morrison v. Olson,,https://supreme.justia.com/cases/federal/us/487/654/,Captured from existing project citation; verify against cited context before final publication.,Secondary,No,areas/a-01-department-of-justice/issues/DOJ-007.md:59 (Proposal Survey); legislation/DOJ-007.md:174 (Source Notes)
SRC-0036,DOJ-003,Court Opinion,Justia U.S. Supreme Court,517 U.S. 456 (1996),,https://supreme.justia.com/cases/federal/us/517/456/,Captured from existing project citation; verify against cited context before final publication.,Secondary,No,areas/a-01-department-of-justice/issues/DOJ-003.md:56 (Proposal Survey)
SRC-0037,IMM-001,Court Opinion,Justia U.S. Supreme Court,603 U.S. 593 (2024),,https://supreme.justia.com/cases/federal/us/603/23-939/,Captured from existing project citation; verify against cited context before final publication.,Secondary,No,areas/a-16-presidential-immunity-and-accountability-for-official-misconduct/issues/IMM-001.md:53 (Proposal Survey)
SRC-0038,DOJ-005,Legal Reference,Legal Information Institute,28 C.F.R. § 45.2,,https://www.law.cornell.edu/cfr/text/28/45.2,Captured from existing project citation; verify against cited context before final publication.,Secondary,No,areas/a-01-department-of-justice/issues/DOJ-005.md:63 (Proposal Survey)
SRC-0039,DOJ-007,Legal Reference,Legal Information Institute,28 C.F.R. Part 600,,https://www.law.cornell.edu/cfr/text/28/part-600,Captured from existing project citation; verify against cited context before final publication.,Secondary,No,areas/a-01-department-of-justice/issues/DOJ-007.md:59 (Proposal Survey)
SRC-0040,ELEC-004,Legal Reference,Legal Information Institute,Federal Rule of Civil Procedure 11,,https://www.law.cornell.edu/rules/frcp/rule_11,Captured from existing project citation; verify against cited context before final publication.,Secondary,No,legislation/ELEC-004.md:191 (Drafting Notes)
SRC-0041,ELEC-004,Legal Reference,Legal Information Institute,Federal Rule of Civil Procedure 26(c),,https://www.law.cornell.edu/rules/frcp/rule_26,Captured from existing project citation; verify against cited context before final publication.,Secondary,No,areas/a-02-election-integrity/issues/ELEC-004.md:110 (Proposal Survey)
SRC-0042,JUD-001,Legal Reference,Legal Information Institute,Federal Rule of Civil Procedure 53,,https://www.law.cornell.edu/rules/frcp/rule_53,Captured from existing project citation; verify against cited context before final publication.,Secondary,No,areas/a-04-judicial-independence-and-enforcement/issues/JUD-001.md:85 (Proposal Survey); areas/a-04-judicial-independence-and-enforcement/issues/JUD-001.md:111 (Annotation)
SRC-0043,JUD-001,Legal Reference,Legal Information Institute,Federal Rule of Civil Procedure 70,,https://www.law.cornell.edu/rules/frcp/rule_70,Captured from existing project citation; verify against cited context before final publication.,Secondary,No,areas/a-04-judicial-independence-and-enforcement/issues/JUD-001.md:85 (Proposal Survey); areas/a-04-judicial-independence-and-enforcement/issues/JUD-001.md:111 (Annotation)
SRC-0044,DOJ-001,Federal Statute,U.S. Code,10 U.S.C. § 113,,https://uscode.house.gov/view.xhtml?req=granuleid:USC-prelim-title10-section113&num=0&edition=prelim,Supports the Secretary of Defense cooling-off analogue used in DOJ-001's proposal survey and remedy design.,Primary,Yes,areas/a-01-department-of-justice/issues/DOJ-001.md:48 (Proposal Survey); areas/a-01-department-of-justice/issues/DOJ-001.md:54 (Least-Complex Adequate Remedy); areas/a-01-department-of-justice/issues/DOJ-001.md:58 (Annotation)
SRC-0045,ELEC-007,Legal Reference,Legal Information Institute,18 U.S.C. § 1385,,https://www.law.cornell.edu/uscode/text/18/1385,Captured from existing project citation; verify against cited context before final publication.,Secondary,No,areas/a-02-election-integrity/issues/ELEC-007.md:88 (Proposal Survey)
SRC-0046,DOJ-001,Federal Statute,U.S. Code,18 U.S.C. § 207,,https://uscode.house.gov/view.xhtml?req=granuleid:USC-prelim-title18-section207&num=0&edition=prelim,Supports the analogy that Congress uses time-limited restrictions to regulate relationship-based conflicts for former federal officers and employees.,Primary,Yes,areas/a-01-department-of-justice/issues/DOJ-001.md:48 (Proposal Survey)
SRC-0047,DOJ-005,Legal Reference,Legal Information Institute,18 U.S.C. § 208,,https://www.law.cornell.edu/uscode/text/18/208,Captured from existing project citation; verify against cited context before final publication.,Secondary,No,areas/a-01-department-of-justice/issues/DOJ-005.md:63 (Proposal Survey)
SRC-0048,JUD-001,Legal Reference,Legal Information Institute,18 U.S.C. § 401,,https://www.law.cornell.edu/uscode/text/18/401,Captured from existing project citation; verify against cited context before final publication.,Secondary,No,areas/a-04-judicial-independence-and-enforcement/issues/JUD-001.md:85 (Proposal Survey); areas/a-04-judicial-independence-and-enforcement/issues/JUD-001.md:111 (Annotation)
SRC-0049,ELEC-007,Legal Reference,Legal Information Institute,18 U.S.C. § 592,,https://www.law.cornell.edu/uscode/text/18/592,Captured from existing project citation; verify against cited context before final publication.,Secondary,No,areas/a-02-election-integrity/issues/ELEC-007.md:88 (Proposal Survey)
SRC-0050,ELEC-001,Legal Reference,Legal Information Institute,18 U.S.C. § 595,,https://www.law.cornell.edu/uscode/text/18/595,Captured from existing project citation; verify against cited context before final publication.,Secondary,No,areas/a-02-election-integrity/issues/ELEC-001.md:73 (Proposal Survey)
SRC-0051,ELEC-003,Legal Reference,Legal Information Institute,18 U.S.C. § 875,,https://www.law.cornell.edu/uscode/text/18/875,Captured from existing project citation; verify against cited context before final publication.,Secondary,No,areas/a-02-election-integrity/issues/ELEC-003.md:112 (Proposal Survey)
SRC-0052,ELEC-008,Legal Reference,Legal Information Institute,18 U.S.C. §§ 1961-1968,,https://www.law.cornell.edu/uscode/text/18/chapter-96,Captured from existing project citation; verify against cited context before final publication.,Secondary,No,areas/a-02-election-integrity/issues/ELEC-008.md:178 (Proposal Survey)
SRC-0053,ELEC-005,Legal Reference,Legal Information Institute,"18 U.S.C. §§ 371, 1001, and 1512",,https://www.law.cornell.edu/uscode/text/18/part-I,Captured from existing project citation; verify against cited context before final publication.,Secondary,No,areas/a-02-election-integrity/issues/ELEC-005.md:83 (Proposal Survey)
SRC-0054,JUD-001,Legal Reference,Legal Information Institute,28 U.S.C. § 1361,,https://www.law.cornell.edu/uscode/text/28/1361,Captured from existing project citation; verify against cited context before final publication.,Secondary,No,areas/a-04-judicial-independence-and-enforcement/issues/JUD-001.md:111 (Annotation)
SRC-0055,JUD-009,Legal Reference,Legal Information Institute,28 U.S.C. § 455,,https://www.law.cornell.edu/uscode/text/28/455,Captured from existing project citation; verify against cited context before final publication.,Secondary,No,areas/a-04-judicial-independence-and-enforcement/issues/JUD-009.md:114 (Proposal Survey)
SRC-0056,DOJ-005,Legal Reference,Legal Information Institute,28 U.S.C. § 528,,https://www.law.cornell.edu/uscode/text/28/528,Captured from existing project citation; verify against cited context before final publication.,Secondary,No,areas/a-01-department-of-justice/issues/DOJ-005.md:63 (Proposal Survey)
SRC-0057,JUD-001,Legal Reference,Legal Information Institute,28 U.S.C. § 566,,https://www.law.cornell.edu/uscode/text/28/566,Captured from existing project citation; verify against cited context before final publication.,Secondary,No,areas/a-04-judicial-independence-and-enforcement/issues/JUD-001.md:111 (Annotation)
SRC-0058,DOJ-009,Legal Reference,Legal Information Institute,28 U.S.C. §§ 503-506,,https://www.law.cornell.edu/uscode/text/28/part-II/chapter-31,Captured from existing project citation; verify against cited context before final publication.,Secondary,No,areas/a-01-department-of-justice/issues/DOJ-009.md:75 (Proposal Survey)
SRC-0059,ELEC-006,Legal Reference,Legal Information Institute,3 U.S.C. § 102 note,,https://www.law.cornell.edu/uscode/text/3/102,Captured from existing project citation; verify against cited context before final publication.,Secondary,No,areas/a-02-election-integrity/issues/ELEC-006.md:81 (Proposal Survey)
SRC-0060,A-23,Legal Reference,Legal Information Institute,3 U.S.C. § 110,,https://www.law.cornell.edu/uscode/text/3/110,Captured from existing project citation; verify against cited context before final publication.,Secondary,No,areas/a-23-federal-historic-property-and-civic-heritage/README.md:36 (Source-Development Notes)
SRC-0061,ELEC-005,Legal Reference,Legal Information Institute,"3 U.S.C. §§ 5, 11, 12, and 15",,https://www.law.cornell.edu/uscode/text/3/chapter-1,Captured from existing project citation; verify against cited context before final publication.,Secondary,No,areas/a-02-election-integrity/issues/ELEC-005.md:83 (Proposal Survey)
SRC-0062,DOJ-004,Legal Reference,Legal Information Institute,5 U.S.C. § 2302,,https://www.law.cornell.edu/uscode/text/5/2302,Captured from existing project citation; verify against cited context before final publication.,Secondary,No,areas/a-01-department-of-justice/issues/DOJ-004.md:49 (Proposal Survey)
SRC-0063,DOJ-004,Legal Reference,Legal Information Institute,5 U.S.C. §§ 1211-1215,,https://www.law.cornell.edu/uscode/text/5/part-II/subpart-A/chapter-12/subchapter-II,Captured from existing project citation; verify against cited context before final publication.,Secondary,No,areas/a-01-department-of-justice/issues/DOJ-004.md:49 (Proposal Survey)
SRC-0064,ELEC-001,Legal Reference,Legal Information Institute,5 U.S.C. §§ 7322-7323,,https://www.law.cornell.edu/uscode/text/5/part-III/subpart-F/chapter-73/subchapter-III,Captured from existing project citation; verify against cited context before final publication.,Secondary,No,areas/a-02-election-integrity/issues/ELEC-001.md:73 (Proposal Survey)
SRC-0065,ELEC-003,Legal Reference,Legal Information Institute,52 U.S.C. § 10307,,https://www.law.cornell.edu/uscode/text/52/10307,Captured from existing project citation; verify against cited context before final publication.,Secondary,No,areas/a-02-election-integrity/issues/ELEC-003.md:112 (Proposal Survey)
SRC-0066,ELEC-003,Legal Reference,Legal Information Institute,52 U.S.C. §§ 20901-21145,,https://www.law.cornell.edu/uscode/text/52/subtitle-II/chapter-209,Captured from existing project citation; verify against cited context before final publication.,Secondary,No,areas/a-02-election-integrity/issues/ELEC-003.md:114 (Proposal Survey)
SRC-0067,DOJ-003,Legal Reference,Legal Information Institute,5 U.S.C. §§ 401-424,,https://www.law.cornell.edu/uscode/text/5a/compiledact-95-452,Captured from existing project citation; verify against cited context before final publication.,Secondary,No,areas/a-01-department-of-justice/issues/DOJ-003.md:58 (Proposal Survey)
SRC-0068,ELEC-003,News Reporting,Politico,"Brennan Center survey reporting, May 1, 2024",,https://www.politico.com/news/2024/05/01/2024-election-poll-workers-00154953,Captured from existing project citation; verify against cited context before final publication.,Secondary,No,areas/a-02-election-integrity/issues/ELEC-003.md:46 (Workforce attrition and recruitment damage — nationwide)
SRC-0069,JUD-001,News Reporting,Politico,"Politico, April 5, 2025",,https://www.politico.com/news/2025/04/05/doj-lawyer-leave-deportation-00274412,Captured from existing project citation; verify against cited context before final publication.,Secondary,No,areas/a-04-judicial-independence-and-enforcement/issues/JUD-001.md:40 (Abrego Garcia - inability to identify and execute return obligations after wrongful removal)
SRC-0070,ELEC-010,News Reporting,Politico,*Appeals court upholds Texas law requiring ID numbers to cast mail-in ballots*,"Feb. 3, 2022",https://www.politico.com/news/2025/08/04/appeals-court-upholds-texas-law-requiring-id-numbers-to-cast-mail-in-ballots-00493514,Captured from existing project citation; verify against cited context before final publication.,Secondary,No,areas/a-02-election-integrity/issues/ELEC-010.md:144 (Proposal Survey); areas/a-02-election-integrity/issues/ELEC-010.md:195 (Source Notes)
SRC-0071,ELEC-004,Nonprofit Guide,Reporters Committee for Freedom of the Press,Anti-SLAPP guide,,https://www.rcfp.org/anti-slapp-guide/,Captured from existing project citation; verify against cited context before final publication.,Secondary,No,legislation/ELEC-004-state.md:182 (Source Notes)
SRC-0072,ELEC-003,News Reporting,Reuters,"Reuters, November 5, 2024",,https://www.reuters.com/world/us/fake-bomb-threats-linked-russia-briefly-close-georgia-polling-locations-2024-11-05/,Captured from existing project citation; verify against cited context before final publication.,Secondary,No,areas/a-02-election-integrity/issues/ELEC-003.md:38 (Election Day bomb threats and polling-place closures — 2024)
SRC-0073,ELEC-010,News Reporting,TIME,*The Sweeping Elections Changes House Republicans Are Proposing*,"Jan. 29, 2026",https://time.com/7362224/midterms-voting-requirements-mail-absentee-ranked-choice-republicans-bill/,Captured from existing project citation; verify against cited context before final publication.,Secondary,No,areas/a-02-election-integrity/issues/ELEC-010.md:142 (Proposal Survey); areas/a-02-election-integrity/issues/ELEC-010.md:192 (Source Notes)
SRC-0074,ELEC-010,News Reporting,The Guardian,*Texas leans on new voting law to reject thousands of ballot applications*,"Feb. 3, 2022",https://www.theguardian.com/us-news/2022/feb/03/texas-new-restrictive-voting-law-reject-thousands-mail-in-ballots,Captured from existing project citation; verify against cited context before final publication.,Secondary,No,areas/a-02-election-integrity/issues/ELEC-010.md:144 (Proposal Survey); areas/a-02-election-integrity/issues/ELEC-010.md:194 (Source Notes)
SRC-0075,ELEC-003,News Reporting,The Guardian,"The Guardian, March 12, 2024",,https://www.theguardian.com/us-news/2024/mar/12/man-sentenced-bomb-threat-arizona-state-election-official,Captured from existing project citation; verify against cited context before final publication.,Secondary,No,areas/a-02-election-integrity/issues/ELEC-003.md:34 (Threats against bipartisan Arizona election officials — 2021–2025)
SRC-0076,JUD-001,News Reporting,The Guardian,"The Guardian, April 16, 2025",,https://www.theguardian.com/us-news/2025/apr/16/trump-deportation-ruling-venezuelan,Captured from existing project citation; verify against cited context before final publication.,Secondary,No,areas/a-04-judicial-independence-and-enforcement/issues/JUD-001.md:34 (Alien Enemies Act removal flights - in-progress executive action after judicial intervention)
SRC-0077,A-23,News Reporting,The Guardian,*Trump sued by preservation group over $300m White House ballroom project*,"Oct. 23, 2025",https://www.theguardian.com/us-news/2025/dec/12/lawsuit-trump-white-house-ballroom,Captured from existing project citation; verify against cited context before final publication.,Secondary,No,areas/a-23-federal-historic-property-and-civic-heritage/README.md:34 (Source-Development Notes)
SRC-0078,JUD-001,News Reporting,The Guardian,"The Guardian, June 24, 2025",,https://www.theguardian.com/us-news/2025/jun/24/el-salvador-deportation-return,Captured from existing project citation; verify against cited context before final publication.,Secondary,No,areas/a-04-judicial-independence-and-enforcement/issues/JUD-001.md:46 (Melgar-Salmeron - removal after appellate stay and later return order)
SRC-0079,ELEC-010,News Reporting,The Guardian,*What does Trump's restrictive voting bill include - and does it have a chance of becoming law?*,"Mar. 13, 2026",https://www.theguardian.com/us-news/2026/mar/13/explainer-save-america-act,Captured from existing project citation; verify against cited context before final publication.,Secondary,No,areas/a-02-election-integrity/issues/ELEC-010.md:140 (Proposal Survey); areas/a-02-election-integrity/issues/ELEC-010.md:189 (Source Notes)
SRC-0080,ELEC-001,Federal Statute,U.S. Code,5 U.S.C. §§ 7321-7326,,https://uscode.house.gov/view.xhtml?edition=prelim&path=%2Fprelim%40title5%2Fpart3%2FsubpartF%2Fchapter73%2Fsubchapter3,Captured from existing project citation; verify against cited context before final publication.,Primary,No,legislation/ELEC-001.md:272 (Source Notes)
SRC-0081,ELEC-008,Federal Statute,U.S. Code,18 U.S.C. chapter 96,,https://uscode.house.gov/view.xhtml?path=/prelim@title18/part1/chapter96&edition=prelim,Captured from existing project citation; verify against cited context before final publication.,Primary,No,legislation/ELEC-008.md:487 (Source Notes)
SRC-0082,DOJ-003; DOJ-005,Federal Statute,U.S. Code,5 U.S.C. chapter 4,,https://uscode.house.gov/view.xhtml?path=/prelim@title5/part1/chapter4&edition=prelim,Captured from existing project citation; verify against cited context before final publication.,Primary,No,legislation/DOJ-003.md:175 (Source Notes); legislation/DOJ-005.md:86 (Source Notes)
SRC-0083,WAR-001,Federal Statute,U.S. Code,50 U.S.C. chapter 33,,https://uscode.house.gov/view.xhtml?path=/prelim@title50/chapter33&edition=prelim,Captured from existing project citation; verify against cited context before final publication.,Primary,No,legislation/WAR-001.md:412 (Source Notes)
SRC-0084,ELEC-003,Federal Statute,U.S. Code,52 U.S.C. chapter 209,,https://uscode.house.gov/view.xhtml?path=/prelim@title52/subtitle2/chapter209&edition=prelim,Captured from existing project citation; verify against cited context before final publication.,Primary,No,legislation/ELEC-003.md:374 (Source Notes)
SRC-0085,A-12,Federal Statute,U.S. Code,10 U.S.C. § 111,"Sept. 10, 2025",https://uscode.house.gov/view.xhtml?req=granuleid:USC-prelim-title10-section111&num=0&edition=prelim,Captured from existing project citation; verify against cited context before final publication.,Primary,No,areas/a-12-appointments-acting-officials-and-senate-confirmation/README.md:27 (Issue Boundaries)
SRC-0086,DOJ-001,Federal Statute,U.S. Code,10 U.S.C. § 113(a)(2),,https://uscode.house.gov/view.xhtml?req=granuleid:USC-prelim-title10-section113&num=0&edition=prelim,Supports the seven-year cooling-off analogue used in the DOJ-001 bill text and authority notes.,Primary,Yes,legislation/DOJ-001.md:21 (Statutory Analogue); legislation/DOJ-001.md:53 (Drafting Notes); legislation/DOJ-001.md:66 (Authority Notes)
SRC-0087,ELEC-005,Federal Statute,U.S. Code,18 U.S.C. § 1001,,https://uscode.house.gov/view.xhtml?req=granuleid:USC-prelim-title18-section1001&num=0&edition=prelim,Captured from existing project citation; verify against cited context before final publication.,Primary,No,legislation/ELEC-005.md:117 (Drafting Notes)
SRC-0088,ELEC-007,Federal Statute,U.S. Code,Posse Comitatus Act,,https://uscode.house.gov/view.xhtml?req=granuleid:USC-prelim-title18-section1385&num=0&edition=prelim,Captured from existing project citation; verify against cited context before final publication.,Primary,No,legislation/ELEC-007.md:251 (Drafting Notes)
SRC-0089,ELEC-005,Federal Statute,U.S. Code,18 U.S.C. § 1512,,https://uscode.house.gov/view.xhtml?req=granuleid:USC-prelim-title18-section1512&num=0&edition=prelim,Captured from existing project citation; verify against cited context before final publication.,Primary,No,legislation/ELEC-005.md:117 (Drafting Notes)
SRC-0090,ELEC-005,Federal Statute,U.S. Code,18 U.S.C. § 371,,https://uscode.house.gov/view.xhtml?req=granuleid:USC-prelim-title18-section371&num=0&edition=prelim,Captured from existing project citation; verify against cited context before final publication.,Primary,No,legislation/ELEC-005.md:117 (Drafting Notes)
SRC-0091,JUD-001,Federal Statute,U.S. Code,18 U.S.C. § 401,,https://uscode.house.gov/view.xhtml?req=granuleid:USC-prelim-title18-section401&num=0&edition=prelim,Captured from existing project citation; verify against cited context before final publication.,Primary,No,legislation/JUD-001.md:263 (Drafting Notes)
SRC-0092,ELEC-007,Federal Statute,U.S. Code,18 U.S.C. § 592,,https://uscode.house.gov/view.xhtml?req=granuleid:USC-prelim-title18-section592&num=0&edition=prelim,Captured from existing project citation; verify against cited context before final publication.,Primary,No,legislation/ELEC-007.md:251 (Drafting Notes)
SRC-0093,JUD-001,Federal Statute,U.S. Code,28 U.S.C. § 1361,,https://uscode.house.gov/view.xhtml?req=granuleid:USC-prelim-title28-section1361&num=0&edition=prelim,Captured from existing project citation; verify against cited context before final publication.,Primary,No,legislation/JUD-001.md:264 (Drafting Notes)
SRC-0094,JUD-001,Federal Statute,U.S. Code,28 U.S.C. § 1651,,https://uscode.house.gov/view.xhtml?req=granuleid:USC-prelim-title28-section1651&num=0&edition=prelim,Captured from existing project citation; verify against cited context before final publication.,Primary,No,legislation/JUD-001.md:264 (Drafting Notes)
SRC-0095,ELEC-004,Federal Statute,U.S. Code,28 U.S.C. § 1927,,https://uscode.house.gov/view.xhtml?req=granuleid:USC-prelim-title28-section1927&num=0&edition=prelim,Captured from existing project citation; verify against cited context before final publication.,Primary,No,legislation/ELEC-004.md:191 (Drafting Notes)
SRC-0096,JUD-009,Federal Statute,U.S. Code,28 U.S.C. § 455,,https://uscode.house.gov/view.xhtml?req=granuleid:USC-prelim-title28-section455&num=0&edition=prelim,Captured from existing project citation; verify against cited context before final publication.,Primary,No,legislation/JUD-009.md:95 (Drafting Notes)
SRC-0097,DOJ-001,Federal Statute,U.S. Code,28 U.S.C. § 503,,https://uscode.house.gov/view.xhtml?req=granuleid:USC-prelim-title28-section503&num=0&edition=prelim,Supports the Attorney General statutory hook for the DOJ-001 eligibility restriction.,Primary,Yes,areas/a-01-department-of-justice/issues/DOJ-001.md:19 (Issue Snapshot); areas/a-01-department-of-justice/issues/DOJ-001.md:54 (Least-Complex Adequate Remedy); areas/a-01-department-of-justice/issues/DOJ-001.md:58 (Annotation); legislation/DOJ-001.md:62 (Authority Notes)
SRC-0098,JUD-001,Federal Statute,U.S. Code,28 U.S.C. § 566,,https://uscode.house.gov/view.xhtml?req=granuleid:USC-prelim-title28-section566&num=0&edition=prelim,Captured from existing project citation; verify against cited context before final publication.,Primary,No,legislation/JUD-001.md:264 (Drafting Notes)
SRC-0099,ELEC-005,Federal Statute,U.S. Code,3 U.S.C. § 11,,https://uscode.house.gov/view.xhtml?req=granuleid:USC-prelim-title3-section11&num=0&edition=prelim,Captured from existing project citation; verify against cited context before final publication.,Primary,No,legislation/ELEC-005.md:117 (Drafting Notes)
SRC-0100,ELEC-002; ELEC-005,Federal Statute,U.S. Code,3 U.S.C. § 12,,https://uscode.house.gov/view.xhtml?req=granuleid:USC-prelim-title3-section12&num=0&edition=prelim,Captured from existing project citation; verify against cited context before final publication.,Primary,No,legislation/ELEC-002-state.md:172 (Source Notes); legislation/ELEC-005.md:117 (Drafting Notes)
SRC-0101,ELEC-002; ELEC-005; ELEC-008,Federal Statute,U.S. Code,3 U.S.C. § 15,,https://uscode.house.gov/view.xhtml?req=granuleid:USC-prelim-title3-section15&num=0&edition=prelim,Captured from existing project citation; verify against cited context before final publication.,Primary,No,legislation/ELEC-002-state.md:172 (Source Notes); legislation/ELEC-005.md:117 (Drafting Notes); legislation/ELEC-008.md:487 (Source Notes)
SRC-0102,ELEC-002; ELEC-005; ELEC-006,Federal Statute,U.S. Code,3 U.S.C. § 5,,https://uscode.house.gov/view.xhtml?req=granuleid:USC-prelim-title3-section5&num=0&edition=prelim,Captured from existing project citation; verify against cited context before final publication.,Primary,No,legislation/ELEC-002-state.md:172 (Source Notes); legislation/ELEC-005.md:117 (Drafting Notes); legislation/ELEC-006.md:306 (Source Notes)
SRC-0103,JUD-001,Federal Statute,U.S. Code,31 U.S.C. § 1304,,https://uscode.house.gov/view.xhtml?req=granuleid:USC-prelim-title31-section1304&num=0&edition=prelim,Captured from existing project citation; verify against cited context before final publication.,Primary,No,legislation/JUD-001.md:265 (Drafting Notes)
SRC-0104,DOJ-003,Federal Statute,U.S. Code,31 U.S.C. § 717,,https://uscode.house.gov/view.xhtml?req=granuleid:USC-prelim-title31-section717&num=0&edition=prelim,Captured from existing project citation; verify against cited context before final publication.,Primary,No,legislation/DOJ-003.md:175 (Source Notes)
SRC-0105,DOJ-009,Federal Statute,U.S. Code,5 U.S.C. § 3345,,https://uscode.house.gov/view.xhtml?req=granuleid:USC-prelim-title5-section3345&num=0&edition=prelim,Captured from existing project citation; verify against cited context before final publication.,Primary,No,legislation/DOJ-009.md:256 (Drafting Notes)
SRC-0106,DOJ-009,Federal Statute,U.S. Code,5 U.S.C. § 3349d,,https://uscode.house.gov/view.xhtml?req=granuleid:USC-prelim-title5-section3349d&num=0&edition=prelim,Captured from existing project citation; verify against cited context before final publication.,Primary,No,legislation/DOJ-009.md:256 (Drafting Notes)
SRC-0107,DOJ-007,Government Publication,U.S. Department of Justice,Mueller Report,,https://www.justice.gov/archives/sco/file/1373816/dl,Captured from existing project citation; verify against cited context before final publication.,Primary,No,legislation/DOJ-007.md:174 (Source Notes)
SRC-0108,DOJ-002,Government Publication,U.S. Department of Justice,§ 1-8.000,,https://www.justice.gov/jm/jm-1-8000-congressional-relations#1-8.000,Captured from existing project citation; verify against cited context before final publication.,Primary,No,areas/a-01-department-of-justice/issues/DOJ-002.md:62 (Proposal Survey)
SRC-0109,DOJ-002,Government Publication,U.S. Department of Justice,Protection of Government Integrity provisions,,https://www.justice.gov/jm/jm-9-85000-protection-government-integrity,Captured from existing project citation; verify against cited context before final publication.,Primary,No,legislation/DOJ-002.md:111 (Source Notes)
SRC-0110,DOJ-002,Government Publication,U.S. Department of Justice,§ 9-85.000,,https://www.justice.gov/jm/jm-9-85000-public-corruption,Captured from existing project citation; verify against cited context before final publication.,Primary,No,areas/a-01-department-of-justice/issues/DOJ-002.md:62 (Proposal Survey)
SRC-0111,ELEC-003,Government Guidance,U.S. Election Assistance Commission,HAVA overview,,https://www.eac.gov/about/help-america-vote-act,Captured from existing project citation; verify against cited context before final publication.,Primary,No,legislation/ELEC-003.md:374 (Source Notes)
SRC-0112,ELEC-010,Government Guidance,U.S. Election Assistance Commission,*Guide to the Canvass*,,https://www.eac.gov/sites/default/files/electionofficials/postelection/Guide_to_the_Canvass_EAC.pdf,Captured from existing project citation; verify against cited context before final publication.,Primary,No,areas/a-02-election-integrity/issues/ELEC-010.md:43 (Rejection for curable technical defects); areas/a-02-election-integrity/issues/ELEC-010.md:180 (Source Notes)
SRC-0113,ELEC-010,Court Opinion,U.S. Supreme Court,*Brnovich v. Democratic National Committee*,"Feb. 3, 2022",https://www.supremecourt.gov/opinions/20pdf/19-1257_g204.pdf,Captured from existing project citation; verify against cited context before final publication.,Primary,No,areas/a-02-election-integrity/issues/ELEC-010.md:144 (Proposal Survey); areas/a-02-election-integrity/issues/ELEC-010.md:198 (Source Notes)
SRC-0114,ELEC-003,Court Opinion,U.S. Supreme Court,Counterman v. Colorado,,https://www.supremecourt.gov/opinions/22pdf/22-138_43j7.pdf,Captured from existing project citation; verify against cited context before final publication.,Primary,No,legislation/ELEC-003-state.md:299 (Source Notes)
SRC-0115,DOJ-007; ELEC-001; ELEC-008; IMM-001,Court Opinion,U.S. Supreme Court,Trump v. United States,,https://www.supremecourt.gov/opinions/23pdf/23-939_e2pg.pdf,Captured from existing project citation; verify against cited context before final publication.,Primary,No,legislation/DOJ-007.md:174 (Source Notes); legislation/ELEC-001.md:272 (Source Notes); legislation/ELEC-008.md:487 (Source Notes); legislation/IMM-001.md:62 (Source Notes)
SRC-0116,ELEC-010,Government Report,USPS Office of Inspector General,*Service Performance of Election and Political Mail During the November 2020 General Election*,"Mar. 5, 2021",https://www.uspsoig.gov/reports/audit-reports/service-performance-election-and-political-mail-during-november-2020-general,Captured from existing project citation; verify against cited context before final publication.,Primary,No,areas/a-02-election-integrity/issues/ELEC-010.md:27 (Postal-service dependence and delivery uncertainty); areas/a-02-election-integrity/issues/ELEC-010.md:181 (Source Notes)
SRC-0117,JUD-001,News Reporting,Washington Post,"Washington Post, March 20, 2025",,https://www.washingtonpost.com/immigration/2025/03/20/boasberg-trump-administration-alien-enemies-deportations-deadlines/,Captured from existing project citation; verify against cited context before final publication.,Secondary,No,areas/a-04-judicial-independence-and-enforcement/issues/JUD-001.md:34 (Alien Enemies Act removal flights - in-progress executive action after judicial intervention)
SRC-0118,ELEC-003,Scholarly Preprint,arXiv,"*Does Extending Polling Hours Compensate for Bomb Threats? Evidence from the 2024 Election in Georgia, USA*",,https://arxiv.org/abs/2508.19442,Captured from existing project citation; verify against cited context before final publication.,Secondary,No,areas/a-02-election-integrity/issues/ELEC-003.md:38 (Election Day bomb threats and polling-place closures — 2024)
SRC-0119,DOJ-001; DOJ-005,Federal Regulation,eCFR,28 C.F.R. § 45.2,,https://www.ecfr.gov/current/title-28/chapter-I/part-45/section-45.2,Supports DOJ-001's comparison to DOJ's matter-specific criminal-investigation and prosecution conflict rule; DOJ-005 context still requires separate review before publication.,Primary,Yes,areas/a-01-department-of-justice/issues/DOJ-001.md:50 (Proposal Survey); areas/a-01-department-of-justice/issues/DOJ-001.md:58 (Annotation); legislation/DOJ-005.md:86 (Source Notes)
SRC-0120,DOJ-005,Federal Regulation,eCFR,5 C.F.R. § 2635.502,,https://www.ecfr.gov/current/title-5/chapter-XVI/subchapter-B/part-2635/subpart-E/section-2635.502,Captured from existing project citation; verify against cited context before final publication.,Primary,No,legislation/DOJ-005.md:86 (Source Notes)
SRC-0121,ELEC-009,External Source,www.nationalpopularvote.com,National Popular Vote,,https://www.nationalpopularvote.com/written-explanation,Captured from existing project citation; verify against cited context before final publication.,Unclassified,No,areas/a-02-election-integrity/issues/ELEC-009.md:80 (Proposal Survey)
SRC-0122,DOJ-001,News Reporting,Associated Press,Senate confirms former Trump defense attorney Todd Blanche as deputy attorney general,"Mar. 5, 2025",https://apnews.com/article/5d526fd4c5919bc2e9522e4f7bfbf758,Supports the named manifestation by identifying Todd Blanche as Donald Trump's former defense attorney and reporting his Senate confirmation as Deputy Attorney General.,Secondary,Yes,areas/a-01-department-of-justice/issues/DOJ-001.md:28 (Manifestation of the Failure); areas/a-01-department-of-justice/issues/DOJ-001.md:58 (Annotation)
SRC-0123,DOJ-001,Legislative Record,Congress.gov,PN12-5 - Nomination of Todd Blanche for Department of Justice,119th Congress,https://www.congress.gov/nomination/119th-congress/12/5,Supports the official nomination and confirmation record for Todd Blanche as Deputy Attorney General.,Primary,Yes,areas/a-01-department-of-justice/issues/DOJ-001.md:28 (Manifestation of the Failure); areas/a-01-department-of-justice/issues/DOJ-001.md:58 (Annotation)
SRC-0124,DOJ-001,Federal Statute,U.S. Code,28 U.S.C. § 504,,https://uscode.house.gov/view.xhtml?req=granuleid:USC-prelim-title28-section504&num=0&edition=prelim,Supports the Deputy Attorney General statutory hook added during the T2 audit to correct the AG-only remedy mismatch.,Primary,Yes,areas/a-01-department-of-justice/issues/DOJ-001.md:19 (Issue Snapshot); areas/a-01-department-of-justice/issues/DOJ-001.md:54 (Least-Complex Adequate Remedy); areas/a-01-department-of-justice/issues/DOJ-001.md:58 (Annotation); legislation/DOJ-001.md:64 (Authority Notes)
SRC-0125,DOJ-001,Professional Rule,American Bar Association,ABA Model Rule 1.9 - Duties to Former Clients,"Apr. 17, 2019",https://www.americanbar.org/groups/professional_responsibility/publications/model_rules_of_professional_conduct/rule_1_9_duties_of_former_clients/,Supports the professional-responsibility baseline for former-client duties referenced in DOJ-001's annotation.,Secondary,Yes,areas/a-01-department-of-justice/issues/DOJ-001.md:58 (Annotation)
